idx,seed,dim,vars,rho_max,xc1,dx,z1,z2,a1,a2,d1,d2,Ir,ex1,ex2,n1,n2,U,angle
0,0,7,xc1 dx a1 a2 d1 d2 Ir,25,-3.0,0.1,-0.01,-0.02,0.2606106759347968,0.2,2.0,2.0,-1.0,0,0,50,50,0.17785512900026715,[57.10031215]
0,1,7,xc1 dx a1 a2 d1 d2 Ir,25,-3.0,0.1,-0.01,-0.02,0.22678937691312773,0.3349678126174291,1.990870174183882,1.8989821295774763,-0.9290437248168824,0,0,50,47,0.3008043441518942,[59.823071]
0,2,7,xc1 dx a1 a2 d1 d2 Ir,25,1.9866540850008174,0.29292928986355465,-0.01,-0.02,0.22798232505133795,0.9304800524206422,2.670997756258899,2.471939978137047,-0.8434916714916922,0,0,67,62,0.00012861342473447168,[48.85316834]
0,3,7,xc1 dx a1 a2 d1 d2 Ir,25,-3.0,0.4799953050652228,-0.01,-0.02,0.2,1.0,2.2514406082161083,1.1310577184796262,-1.0,0,0,56,28,9.841846096741136,[72.68891515]
0,4,7,xc1 dx a1 a2 d1 d2 Ir,25,-3.0,0.1,-0.01,-0.02,0.2,0.2,1.1330301913591798,1.8031820289701497,-0.2377230591526456,0,0,28,45,0.1052472968575649,[51.73568929]
0,5,7,xc1 dx a1 a2 d1 d2 Ir,25,-3.0,0.1,-0.01,-0.02,1.0,0.5498083078051331,2.4797971494798614,2.844649993330834,-1.0,0,0,62,71,0.5043088409473859,[88.36385595]
0,6,7,xc1 dx a1 a2 d1 d2 Ir,25,1.5001324769892224,0.797287735929599,-0.01,-0.02,0.4982440186119908,0.7683289117676276,1.000903429770142,2.3256371257675355,-0.2652311459432398,0,0,25,58,1.999699810695646e-11,[55.99819061]
0,7,7,xc1 dx a1 a2 d1 d2 Ir,25,-3.0,0.1,-0.01,-0.02,0.2,0.5034951398695078,2.0717640086133784,1.731377833825171,-1.0,0,0,52,43,0.2279634344244048,[58.62127716]
0,8,7,xc1 dx a1 a2 d1 d2 Ir,25,-3.0,0.1,-0.01,-0.02,0.2,0.2,1.1703705361015053,1.4948819698581701,-0.46343789066222796,0,0,29,37,0.041898533386659595,[47.91814244]
0,9,7,xc1 dx a1 a2 d1 d2 Ir,25,-3.0,0.1,-0.01,-0.02,0.2,0.2,1.0128701081622467,2.0055641601044165,-0.12745259766904,0,0,25,50,0.10898871153861625,[53.94640665]
0,10,7,xc1 dx a1 a2 d1 d2 Ir,25,-3.0,0.1,-0.01,-0.02,0.2728715521010622,0.2,2.62664250271464,2.647177745066891,-1.0,0,0,66,66,0.7754902874050938,[72.97350518]
0,11,7,xc1 dx a1 a2 d1 d2 Ir,25,-3.0,0.1,-0.01,-0.02,0.42623634066744354,0.2,2.015682546124542,2.1747696576997937,-1.0,0,0,50,54,0.2519605773410584,[60.92294723]
0,12,7,xc1 dx a1 a2 d1 d2 Ir,25,2.0,0.2917073744951371,-0.01,-0.02,0.2,0.2,1.021720886180136,1.7495089841267288,-0.33292709112335356,0,0,26,44,0.06657611506209085,[2.91856175]
0,13,7,xc1 dx a1 a2 d1 d2 Ir,25,1.4652200919550213,0.1285898313254564,-0.01,-0.02,0.2007020893729536,0.3607757549323104,1.3714483477474708,1.4611172179309362,-0.7227714518007811,0,0,34,37,9.283544084603241e-11,[55.99677163]
0,14,7,xc1 dx a1 a2 d1 d2 Ir,25,-3.0,0.1,-0.01,-0.02,0.20865423700362892,0.2,1.5422304531206463,1.5115510268660783,-1.0,0,0,39,38,0.03768608648990619,[47.83453722]
0,15,7,xc1 dx a1 a2 d1 d2 Ir,25,2.0,0.1,-0.01,-0.02,0.2,1.0,2.9726789033256464,1.0337613084159525,-1.0,0,0,74,26,1820.8276847908471,[28.36362311]
0,16,7,xc1 dx a1 a2 d1 d2 Ir,25,1.7623112955520022,0.31300865060150307,-0.01,-0.02,0.23929205122743047,0.3218231576588803,1.8190314598997923,2.3154116527885416,-0.6458129495621264,0,0,45,58,8.945392353132446e-07,[56.32275657]
0,17,7,xc1 dx a1 a2 d1 d2 Ir,25,-3.0,0.1,-0.01,-0.02,0.2,0.2500232919168979,2.5322148755959053,2.4084397336868255,-1.0,0,0,63,60,0.5505060054241626,[68.58249693]
0,18,7,xc1 dx a1 a2 d1 d2 Ir,25,-3.0,0.1,-0.01,-0.02,0.3010352518748961,0.2,1.979030678096231,1.9880693582143505,-1.0,0,0,49,50,0.17542675573747923,[57.12365392]
0,19,7,xc1 dx a1 a2 d1 d2 Ir,25,1.7950007940093513,1.0494711424566472,-0.01,-0.02,0.23567176711033624,0.8918064033845728,1.7870693258519297,2.993633874195798,-0.3850314870764302,0,0,45,75,2.4085357762380553e-10,[55.99371332]
0,20,7,xc1 dx a1 a2 d1 d2 Ir,25,1.7929704858400815,0.7270380553893059,-0.01,-0.02,0.46446208928661115,0.9990252840344908,1.5196548949779538,2.2714517392119786,-0.4552034079990785,0,0,38,57,4.677645405106333e-05,[58.26830978]
0,21,7,xc1 dx a1 a2 d1 d2 Ir,25,-3.0,0.1,-0.01,-0.02,0.2,0.2,1.4320286957878057,2.5852667164004925,-0.15548897453616797,0,0,36,65,1.8452681829974735,[64.92205072]
0,22,7,xc1 dx a1 a2 d1 d2 Ir,25,1.4414258360719125,0.3201084182310474,-0.01,-0.02,0.3012648256463857,1.0,1.3685072914057061,1.24118412643065,-0.6479843593811396,0,0,34,31,1.2866022690125122e-11,[55.9985477]
0,23,7,xc1 dx a1 a2 d1 d2 Ir,25,1.8375095986774779,0.2285275714764942,-0.01,-0.02,0.21228950252921389,0.9391765599344882,2.184054453771471,1.8474948164699228,-0.8567883304063101,0,0,55,46,1.8861232614097953e-11,[55.99831829]
0,24,7,xc1 dx a1 a2 d1 d2 Ir,25,1.5855455431395193,0.48283195004002777,-0.01,-0.02,0.3154738200974132,0.32956153248184994,1.3881909574474949,2.3417734605319964,-0.44376270793196126,0,0,35,59,5.93398405985002e-13,[55.99985149]
0,25,7,xc1 dx a1 a2 d1 d2 Ir,25,-3.0,0.1,-0.01,-0.02,0.2,0.6098023477612974,2.743416224490875,2.272923491501383,-1.0,0,0,69,57,1.1085743420055816,[74.96495127]
0,26,7,xc1 dx a1 a2 d1 d2 Ir,25,1.0631609692814215,0.5817341571620271,-0.01,-0.02,0.4804104859678827,0.5631266701646125,1.1135145742874213,2.5526572011585595,-0.32173179639188576,0,0,28,64,5.8100315052741197e-11,[36.00302423]
0,27,7,xc1 dx a1 a2 d1 d2 Ir,25,1.4731346296872747,0.8011816893890353,-0.01,-0.02,0.33063391604387155,0.4313907897475418,1.1307384707689998,2.6485148599678836,-0.2519688374998996,0,0,28,66,1.4294546617797488e-10,[55.99538913]
0,28,7,xc1 dx a1 a2 d1 d2 Ir,25,-3.0,0.1,-0.01,-0.02,0.9883948602794326,0.2426894066853673,1.2649934386899226,1.9281971121379342,-1.0,0,0,32,48,0.012359645739312919,[31.500448]
0,29,7,xc1 dx a1 a2 d1 d2 Ir,25,-3.0,0.1,-0.01,-0.02,0.2,0.5046728822738408,2.020690052617499,1.6876285581725163,-1.0,0,0,51,42,0.20488724782902396,[57.78095404]
0,30,7,xc1 dx a1 a2 d1 d2 Ir,25,1.4815648894571367,0.38333838619160543,-0.01,-0.02,0.2,0.8638627867531629,1.4200173910994622,1.5145539499592184,-0.5321000867517439,0,0,36,38,1.4683785795269247e-11,[55.99845993]
0,31,7,xc1 dx a1 a2 d1 d2 Ir,25,-3.0,0.1,-0.01,-0.02,0.36965914129313854,0.37835266872991985,1.2773818664292615,1.2248871257187746,-0.9649276389003688,0,0,32,31,0.028806978616868546,[50.5649467]
0,32,7,xc1 dx a1 a2 d1 d2 Ir,25,-3.0,0.1,-0.01,-0.02,0.8068780165153604,0.2836400493445643,1.992504984502816,2.440481141784046,-1.0,0,0,50,61,0.29349623000222697,[70.5654925]
0,33,7,xc1 dx a1 a2 d1 d2 Ir,25,-3.0,0.1,-0.01,-0.02,1.0,0.42910426045310185,2.3037199360171554,2.7816219111185623,-1.0,0,0,58,70,0.33050634660032613,[84.13358352]
0,34,7,xc1 dx a1 a2 d1 d2 Ir,25,-3.0,0.2971052430895027,-0.01,-0.02,0.2,1.0,2.7643730549373533,1.7293916039850152,-1.0,0,0,69,43,11.678075760599024,[81.89794628]
0,35,7,xc1 dx a1 a2 d1 d2 Ir,25,1.6552983527505793,1.1013193920253599,-0.01,-0.02,0.2225925528043662,0.8707926381103154,1.5718135898072338,2.931144926729032,-0.30624310423899137,0,0,39,73,7.225174979541802e-10,[56.0036615]
0,36,7,xc1 dx a1 a2 d1 d2 Ir,25,1.7885253175797347,0.29312532015165194,-0.01,-0.02,0.599493817803315,0.981628615380995,2.5798112643432454,2.750133247354543,-0.8433174773513538,0,0,64,69,3.1217868675080255e-05,[38.60102053]
0,37,7,xc1 dx a1 a2 d1 d2 Ir,25,1.9531204183428068,0.12765240029136177,-0.01,-0.02,0.2,0.998768518253321,2.6691005771521796,2.030035451582699,-0.9911679494021476,0,0,67,51,0.00027503348009877215,[61.291586]
0,38,7,xc1 dx a1 a2 d1 d2 Ir,25,-3.0,0.1,-0.01,-0.02,0.2,0.7861522499972303,2.395725823392653,1.7498634762120366,-1.0,0,0,60,44,0.7662921912375381,[66.81343591]
0,39,7,xc1 dx a1 a2 d1 d2 Ir,25,-3.0,0.1,-0.01,-0.02,0.4283971388162021,0.2,2.1253615618545636,2.2916215479213555,-1.0,0,0,53,57,0.3395978174464503,[63.87244111]
0,40,7,xc1 dx a1 a2 d1 d2 Ir,25,-3.0,0.1,-0.01,-0.02,0.2,0.7292539114924066,2.9235823398396055,2.328637468909232,-1.0,0,0,73,58,1.6737679106468242,[78.93273976]
0,41,7,xc1 dx a1 a2 d1 d2 Ir,25,-3.0,0.1,-0.01,-0.02,0.5120655767036492,0.2,2.155878050571864,2.3802653146305346,-1.0,0,0,54,60,0.41431759898579695,[67.0448714]
0,42,7,xc1 dx a1 a2 d1 d2 Ir,25,1.3987302593643673,0.18214330022100333,-0.01,-0.02,0.24868298140649617,0.7650109853979041,2.472942428328025,2.3533989748458226,-0.865203148467661,0,0,62,59,7.80747659945531e-10,[35.99251538]
0,43,7,xc1 dx a1 a2 d1 d2 Ir,25,-3.0,0.1,-0.01,-0.02,0.34035031949513883,0.2,2.343293528235534,2.5859025433105884,-0.8098539855250723,0,0,59,65,3.4518732106718697,[75.84037942]
0,44,7,xc1 dx a1 a2 d1 d2 Ir,25,-3.0,0.1,-0.01,-0.02,0.2,0.5719741099069743,1.4503190411562934,1.0581945065362222,-1.0,0,0,36,26,0.03300022678127567,[47.75374591]
0,45,7,xc1 dx a1 a2 d1 d2 Ir,25,-3.0,0.1,-0.01,-0.02,0.2,0.28411053836543143,1.144667215410708,1.0220727341598,-1.0,0,0,29,26,0.007342362251614532,[42.73827519]
0,46,7,xc1 dx a1 a2 d1 d2 Ir,25,1.6822784026305961,0.5923242489816296,-0.01,-0.02,0.47923633802094945,0.9711267132583964,1.4570784067292013,2.0314345680470396,-0.4874434034920487,0,0,36,51,5.0018702213493364e-11,[55.99728181]
0,47,7,xc1 dx a1 a2 d1 d2 Ir,25,-3.0,0.1,-0.01,-0.02,0.2,0.3813978657411665,2.0248887298488176,1.7848308029109436,-1.0,0,0,51,45,0.18316279004480987,[57.48775871]
0,48,7,xc1 dx a1 a2 d1 d2 Ir,25,-3.0,0.7714071327542843,-0.01,-0.02,0.2,1.0,2.8766505495505417,1.3854366945306595,-1.0,0,0,72,35,82.22361622191919,[89.05674074]
0,49,7,xc1 dx a1 a2 d1 d2 Ir,25,-3.0,0.2985877840424055,-0.01,-0.02,0.2,1.0,2.022570219751304,1.0993479889610613,-1.0,0,0,51,27,2.6578651580734007,[66.69666871]
0,50,7,xc1 dx a1 a2 d1 d2 Ir,25,1.4676939327617604,0.3882342695889671,-0.01,-0.02,0.5151118828030028,0.43273766902655536,1.9463371599749104,2.9406722982235065,-0.6468639960214478,0,0,49,74,1.0549384608844894e-09,[35.98688434]
0,51,7,xc1 dx a1 a2 d1 d2 Ir,25,-3.0,0.1,-0.01,-0.02,0.2,0.2,1.462799025067672,2.1046572812771447,-0.31675938935186954,0,0,37,53,0.6795683011210639,[57.60384966]
0,52,7,xc1 dx a1 a2 d1 d2 Ir,25,2.0,0.1,-0.01,-0.02,0.2,1.0,2.8834464903328145,1.8137089764185839,-1.0,0,0,72,45,233.21922054528355,[22.10673763]
0,53,7,xc1 dx a1 a2 d1 d2 Ir,25,-3.0,0.1,-0.01,-0.02,0.2,0.9798828893116102,2.8739626067564656,2.0411196553812285,-1.0,0,0,72,51,2.652036753900057,[78.75309737]
0,54,7,xc1 dx a1 a2 d1 d2 Ir,25,2.0,0.1,-0.01,-0.02,0.2,1.0,2.9179608298470616,1.7607795032710067,-1.0,0,0,73,44,333.48974812439616,[21.46194653]
0,55,7,xc1 dx a1 a2 d1 d2 Ir,25,-3.0,0.1,-0.01,-0.02,0.2,0.3276104282659985,2.6824847918698724,2.4942739037240935,-1.0,0,0,67,62,0.7667064375449519,[72.65365762]
0,56,7,xc1 dx a1 a2 d1 d2 Ir,25,1.9034455346496917,0.5032463685836913,-0.01,-0.02,0.37701151634394386,0.8862926183565843,2.5353201261569036,2.9772120554889443,-0.7208505157489029,0,0,63,74,0.00013881751492303217,[43.86336106]
0,57,7,xc1 dx a1 a2 d1 d2 Ir,25,-3.0,0.6262232576397072,-0.01,-0.02,0.2,1.0,2.9532922726476154,1.5804936138411627,-1.0,0,0,74,40,59.929908122895256,[88.816597]
0,58,7,xc1 dx a1 a2 d1 d2 Ir,25,1.1665221112123667,0.2543279397772799,-0.01,-0.02,0.7084668203287499,0.6116330770659716,1.0824129312099549,1.898799231728906,-0.5293261035245378,0,0,27,47,9.89970017661371e-10,[35.99988754]
0,59,7,xc1 dx a1 a2 d1 d2 Ir,25,-3.0,0.1,-0.01,-0.02,0.2,0.36788258105972793,2.6938338920461886,2.428746372808031,-1.0,0,0,67,61,0.780903944009174,[72.68689726]
0,60,7,xc1 dx a1 a2 d1 d2 Ir,25,-3.0,0.1,-0.01,-0.02,0.2,0.38451094987271106,1.9344344420025208,1.6650396134748229,-1.0,0,0,48,42,0.13012137661592182,[55.04423625]
0,61,7,xc1 dx a1 a2 d1 d2 Ir,25,-3.0,0.1,-0.01,-0.02,0.2,0.2,1.6419349581595843,2.386333674605511,-0.29226100835859875,0,0,41,60,1.9995359320280275,[62.84086472]
0,62,7,xc1 dx a1 a2 d1 d2 Ir,25,1.774571341586457,0.37589507937977495,-0.01,-0.02,0.7040410513765601,0.6079496154816532,1.929504116026719,2.7955231915539116,-0.6911358219405972,0,0,48,70,0.00011489793637964013,[42.37009747]
0,63,7,xc1 dx a1 a2 d1 d2 Ir,25,1.740937183091441,0.38434488667875083,-0.01,-0.02,0.7350730564219021,0.21265792291434368,1.1740919260190152,2.4999159288187607,-0.5011469380203608,0,0,29,62,1.8019822875483343e-11,[55.99828051]
0,64,7,xc1 dx a1 a2 d1 d2 Ir,25,1.707340910562013,0.7400971004499466,-0.01,-0.02,0.7606874257304143,0.2971250468846262,1.03370324080454,2.9752211014725045,-0.3355473197403093,0,0,26,74,7.62177220229449e-12,[55.99905993]
0,65,7,xc1 dx a1 a2 d1 d2 Ir,25,-3.0,0.1,-0.01,-0.02,0.3440615024974185,0.2,2.057453117416764,2.1025183934988427,-1.0,0,0,51,53,0.23922043837574394,[59.89900929]
0,66,7,xc1 dx a1 a2 d1 d2 Ir,25,-3.0,0.1,-0.01,-0.02,0.2,0.2,1.5121756341820463,2.7229725984230293,-0.15827268642791792,0,0,38,68,2.896550678821407,[67.32299793]
0,67,7,xc1 dx a1 a2 d1 d2 Ir,25,-3.0,0.28555622669385206,-0.01,-0.02,0.2,1.0,2.889752232974109,1.8589327557055464,-1.0,0,0,72,46,13.051218765325743,[84.36232601]
0,68,7,xc1 dx a1 a2 d1 d2 Ir,25,1.4660399259256518,0.8683242146343638,-0.01,-0.02,0.24080896976765556,0.9998412974086843,1.2219545633600113,2.1595463639999357,-0.26844201704606757,0,0,31,54,6.36899898770709e-11,[55.99781255]
0,69,7,xc1 dx a1 a2 d1 d2 Ir,25,1.2209731535913326,0.6477966621986565,-0.01,-0.02,0.3568632679118998,0.7148230984566493,1.6560720640402629,2.8292446415583807,-0.43634822690945646,0,0,41,71,3.226518678871918e-10,[35.99276321]
0,70,7,xc1 dx a1 a2 d1 d2 Ir,25,2.0,0.1,-0.01,-0.02,0.2,1.0,2.990121440692539,1.3092879924150946,-1.0,0,0,75,33,1315.8377116249974,[24.51021586]
0,71,7,xc1 dx a1 a2 d1 d2 Ir,25,1.6131661903419874,0.4461224009456305,-0.01,-0.02,0.2953108145988342,0.8988891392791631,2.644317012379502,2.998039576400349,-0.7337627877087978,0,0,66,75,1.953687763604639e-09,[35.98211526]
0,72,7,xc1 dx a1 a2 d1 d2 Ir,25,-3.0,0.1,-0.01,-0.02,0.2,0.46225110465917635,2.0879485848514676,1.7486808643777911,-1.0,0,0,52,44,0.21832825631832573,[58.5129369]
0,73,7,xc1 dx a1 a2 d1 d2 Ir,25,-3.0,0.1,-0.01,-0.02,0.2,0.3379034194633733,2.1734731208329543,1.9744675666729348,-1.0,0,0,54,49,0.24635959015821238,[60.03407242]
0,74,7,xc1 dx a1 a2 d1 d2 Ir,25,1.6413144151522248,0.8167241756051624,-0.01,-0.02,0.2675923020398515,0.6521465946861019,1.6182424602189758,2.7508252688674455,-0.382936557854532,0,0,40,69,1.792573563819016e-05,[54.10602921]
0,75,7,xc1 dx a1 a2 d1 d2 Ir,25,-3.0,0.1,-0.01,-0.02,0.26795044593752987,0.2,2.346910712896647,2.341715081425054,-1.0,0,0,59,59,0.4425369506262028,[65.74169539]
0,76,7,xc1 dx a1 a2 d1 d2 Ir,25,-3.0,0.12915904166852585,-0.01,-0.02,0.20593654143934836,0.5018887168689911,1.8362426436257833,1.4746104073767554,-1.0,0,0,46,37,0.17651464844679943,[52.21863839]
0,77,7,xc1 dx a1 a2 d1 d2 Ir,25,1.3596445841097704,0.618755738437606,-0.01,-0.02,0.37551136341986757,0.9276947204013734,1.230125073974207,1.952473550335221,-0.37639464535516537,0,0,31,49,0.00011654444624622762,[49.54372829]
0,78,7,xc1 dx a1 a2 d1 d2 Ir,25,1.6732301870983783,0.4139819070693431,-0.01,-0.02,0.4268373083582963,0.8750727218564117,1.5146800390392332,1.8549675926612226,-0.5888321624439087,0,0,38,46,1.7456547986630056e-13,[56.00012447]
0,79,7,xc1 dx a1 a2 d1 d2 Ir,25,-3.0,0.39420694736770584,-0.01,-0.02,0.2,1.0,2.384761564351151,1.3100413391911745,-1.0,0,0,60,33,9.817947097204264,[74.95360127]
0,80,7,xc1 dx a1 a2 d1 d2 Ir,25,1.676589222934298,0.3197677750010304,-0.01,-0.02,0.2,0.4659817113958549,1.7381573373845025,2.0655831903410795,-0.615436690372272,0,0,43,52,4.276585859465644e-11,[56.00262324]
0,81,7,xc1 dx a1 a2 d1 d2 Ir,25,-3.0,0.6795425519296482,-0.01,-0.02,0.2,1.0,2.669042274614448,1.3188175134189468,-1.0,0,0,67,33,46.43459586181157,[84.10261888]
0,82,7,xc1 dx a1 a2 d1 d2 Ir,25,-3.0,0.1,-0.01,-0.02,0.2320235079346001,0.2,2.6239745196640376,2.5803349788037444,-1.0,0,0,66,65,0.7277524629215345,[71.91009981]
0,83,7,xc1 dx a1 a2 d1 d2 Ir,25,1.427757526111263,0.4955252718531486,-0.01,-0.02,0.3247985805101563,0.2,1.098322644116849,2.299585852208933,-0.3239234488221904,0,0,27,57,1.5476205884363693e-11,[55.99861867]
0,84,7,xc1 dx a1 a2 d1 d2 Ir,25,2.0,0.1,-0.01,-0.02,0.2,1.0,2.9869002798407656,1.637036723391878,-1.0,0,0,75,41,656.2313384987552,[21.10859202]
0,85,7,xc1 dx a1 a2 d1 d2 Ir,25,-3.0,0.1,-0.01,-0.02,0.2,0.2,1.3841534588116597,1.9224422838890187,-0.36470398325967174,0,0,35,48,0.31505692217081777,[54.35556313]
0,86,7,xc1 dx a1 a2 d1 d2 Ir,25,1.4238785943347796,0.1,-0.01,-0.02,0.46262322504916026,0.5930650482010256,1.0240362997153523,1.139360125477714,-0.7797036182114532,0,0,26,28,7.350766925056609e-12,[56.00102196]
0,87,7,xc1 dx a1 a2 d1 d2 Ir,25,-3.0,0.1,-0.01,-0.02,0.3755819672056981,0.2,1.5617229007801245,1.6708658135638892,-1.0,0,0,39,42,0.061816624759293934,[50.67096834]
0,88,7,xc1 dx a1 a2 d1 d2 Ir,25,-3.0,0.1,-0.01,-0.02,0.5763839897227927,0.2,2.05334375453652,2.3934534044238047,-0.9276566131788028,0,0,51,60,0.8276143940764185,[70.19312934]
0,89,7,xc1 dx a1 a2 d1 d2 Ir,25,-3.0,0.7624525004828863,-0.01,-0.02,0.2,1.0,2.704572082529658,1.2991454876521027,-1.0,0,0,68,32,62.845777776729186,[85.96176505]
0,90,7,xc1 dx a1 a2 d1 d2 Ir,25,-3.0,0.1,-0.01,-0.02,0.2,0.7059752071679063,2.268818421459665,1.7096938908841595,-1.0,0,0,57,43,0.5052771806663438,[63.72448832]
0,91,7,xc1 dx a1 a2 d1 d2 Ir,25,-3.0,0.1,-0.01,-0.02,0.2,0.3243805152105107,2.898418045922833,2.688656043741261,-1.0,0,0,72,67,1.0615470610290907,[77.56912163]
0,92,7,xc1 dx a1 a2 d1 d2 Ir,25,-3.0,0.1,-0.01,-0.02,0.6005982272071628,0.2,2.6015631527261585,2.933753563126224,-1.0,0,0,65,73,0.9484216057885657,[80.60744642]
0,93,7,xc1 dx a1 a2 d1 d2 Ir,25,1.5464394941947301,0.3307270976516329,-0.01,-0.02,0.44393606504498395,0.6409908030227262,1.2272329940171345,1.7107601187798502,-0.5345433743461846,0,0,31,43,2.2677958130310954e-11,[55.99932285]
0,94,7,xc1 dx a1 a2 d1 d2 Ir,25,0.9323918761233807,0.3084956173903572,-0.01,-0.02,0.31830061767519374,0.2719312624598158,1.0337895704400053,1.996390437646279,-0.3662124408613266,0,0,26,50,3.3958834001750495e-12,[36.00066477]
0,95,7,xc1 dx a1 a2 d1 d2 Ir,25,2.0,0.1,-0.01,-0.02,0.2,1.0,2.871111212139187,1.25664533595688,-1.0,0,0,72,31,1168.259013519384,[26.82807883]
0,96,7,xc1 dx a1 a2 d1 d2 Ir,25,-3.0,0.1,-0.01,-0.02,0.2,0.24792985685155897,2.6355952820309936,2.5175681866126696,-1.0,0,0,66,63,0.6953805590176162,[71.5968823]
0,97,7,xc1 dx a1 a2 d1 d2 Ir,25,-3.0,0.1,-0.01,-0.02,0.2,0.572390298858946,2.5925904370985218,2.1486956182422894,-1.0,0,0,65,54,0.8019835659627358,[70.97998566]
0,98,7,xc1 dx a1 a2 d1 d2 Ir,25,-3.0,0.1,-0.01,-0.02,0.2,0.2,1.9466610592886928,2.456362766283276,-0.47561376339309913,0,0,49,61,3.408997751708706,[65.60952864]
0,99,7,xc1 dx a1 a2 d1 d2 Ir,25,-3.0,0.2759855192784284,-0.01,-0.02,0.2,1.0,2.519754873016156,1.5023020167504402,-1.0,0,0,63,38,6.865018197719618,[76.46205687]
0,100,7,xc1 dx a1 a2 d1 d2 Ir,25,-3.0,0.1,-0.01,-0.02,0.2,0.7411651847409649,2.4639179460665117,1.8670288697908075,-1.0,0,0,62,47,0.8253931988375713,[68.52441438]
0,101,7,xc1 dx a1 a2 d1 d2 Ir,25,1.8042559598944656,0.10000000147583075,-0.01,-0.02,0.8978679481873089,0.7455368465792157,1.934277356393948,2.3269412890601213,-0.8717063251446957,0,0,48,58,2.2132210506565246e-10,[36.00601526]
0,102,7,xc1 dx a1 a2 d1 d2 Ir,25,-3.0,0.1,-0.01,-0.02,0.2,0.5829003919188644,2.215664985514943,1.7686749442339411,-1.0,0,0,55,44,0.34277909837728493,[61.48195122]
0,103,7,xc1 dx a1 a2 d1 d2 Ir,25,1.4317652042517763,0.16617249479401391,-0.01,-0.02,0.27007171068634833,0.8342821469844487,1.4298033369941268,1.1560759382302481,-0.8299113900000087,0,0,36,29,5.1426869159182294e-11,[55.99710447]
0,104,7,xc1 dx a1 a2 d1 d2 Ir,25,1.8277734351961044,0.6395029869153925,-0.01,-0.02,0.45626505678064433,0.8492778805288956,1.6612846554330498,2.427621247248543,-0.5178057649862329,0,0,42,61,7.430673744200186e-11,[55.99653444]
0,105,7,xc1 dx a1 a2 d1 d2 Ir,25,1.65838690574461,0.6398757280173157,-0.01,-0.02,0.6162336805000207,0.9768021461454206,1.6244375187760107,2.5366439159285195,-0.5370936347431674,0,0,41,63,0.00015083149204588888,[46.72188524]
0,106,7,xc1 dx a1 a2 d1 d2 Ir,25,2.0,0.1,-0.01,-0.02,0.2,1.0,2.6420069556847583,1.113369911213172,-1.0,0,0,66,28,818.5892157712407,[31.3225467]
0,107,7,xc1 dx a1 a2 d1 d2 Ir,25,-3.0,0.1,-0.01,-0.02,0.2,0.5071327930071987,1.9650404716014638,1.617967679455237,-1.0,0,0,49,40,0.16433386567564182,[56.15683268]
0,108,7,xc1 dx a1 a2 d1 d2 Ir,25,-3.0,0.1,-0.01,-0.02,0.2,0.3126660691509964,1.553125491412493,1.3917633737626254,-1.0,0,0,39,35,0.03815979010185811,[48.54760563]
0,109,7,xc1 dx a1 a2 d1 d2 Ir,25,-3.0,0.1,-0.01,-0.02,0.2,0.2,2.0044296607083174,2.9127402052099836,-0.2943822334502349,0,0,50,73,12.095542659221863,[74.00131939]
0,110,7,xc1 dx a1 a2 d1 d2 Ir,25,1.6601078399594122,0.20039116871406365,-0.01,-0.02,0.22047977288962503,0.9380347165911114,1.9641225444304007,1.5472483879042198,-0.8714917292717602,0,0,49,39,8.280631446829181e-11,[55.99749583]
0,111,7,xc1 dx a1 a2 d1 d2 Ir,25,1.6196383501150637,0.3154305367094825,-0.01,-0.02,0.5826229275924428,0.7855895842000064,1.7951743068839812,2.234329354936913,-0.7125775653934558,0,0,45,56,0.00013998942602616468,[43.9594547]
0,112,7,xc1 dx a1 a2 d1 d2 Ir,25,-3.0,0.1,-0.01,-0.02,0.2,0.4061525318950663,2.8045251879237294,2.5036269823246524,-1.0,0,0,70,63,0.9766107266930995,[75.68888658]
0,113,7,xc1 dx a1 a2 d1 d2 Ir,25,-3.0,0.1,-0.01,-0.02,0.2,0.7571238104545184,2.0998726986028324,1.4773532664249482,-1.0,0,0,52,37,0.34440637154486803,[59.62301945]
0,114,7,xc1 dx a1 a2 d1 d2 Ir,25,-3.0,0.20761632544533717,-0.01,-0.02,0.2,1.0,2.248530075665176,1.3070786672631516,-1.0,0,0,56,33,2.4932283919113516,[69.88713977]
0,115,7,xc1 dx a1 a2 d1 d2 Ir,25,1.7775453012206002,0.35648220237440487,-0.01,-0.02,0.23912752284114364,0.7375513132407621,2.508607936991218,2.7160059444441162,-0.7602753231851064,0,0,63,68,0.00012568541880850415,[42.96819355]
0,116,7,xc1 dx a1 a2 d1 d2 Ir,25,1.783447520893467,0.3678963409176382,-0.01,-0.02,0.3441901265922766,0.8367865757126193,2.2925322818820826,2.475248681488356,-0.7465509393064184,0,0,57,62,0.00015241444310147003,[45.97897305]
0,117,7,xc1 dx a1 a2 d1 d2 Ir,25,-3.0,0.1,-0.01,-0.02,0.2,0.7284753010655859,1.813313107218427,1.2346915858378003,-1.0,0,0,45,31,0.149464521605737,[54.16584531]
0,118,7,xc1 dx a1 a2 d1 d2 Ir,25,2.0,0.1,-0.01,-0.02,0.2,1.0,2.536113143235295,1.6075185735817208,-1.0,0,0,63,40,78.98531696751138,[30.65276037]
0,119,7,xc1 dx a1 a2 d1 d2 Ir,25,2.0,0.1,-0.01,-0.02,0.2,1.0,2.956397097622033,2.1064745002338925,-1.0,0,0,74,53,39.97548469329204,[25.66138137]
0,120,7,xc1 dx a1 a2 d1 d2 Ir,25,1.3546239308419468,0.6775808309855275,-0.01,-0.02,0.2001488595742237,0.9999883721419566,2.1793237130484746,2.8808485636481507,-0.5412082568334022,0,0,54,72,1.4178242756636167e-09,[35.98476593]
0,121,7,xc1 dx a1 a2 d1 d2 Ir,25,-3.0,0.1,-0.01,-0.02,0.2,0.33612616249946775,2.22896237371965,2.045049118657342,-1.0,0,0,56,51,0.3014642004982733,[61.86096139]
0,122,7,xc1 dx a1 a2 d1 d2 Ir,25,-3.0,0.1,-0.01,-0.02,0.3514580999889866,0.2,2.459475597240787,2.522028866711335,-1.0,0,0,61,63,0.6020221420283276,[69.93952874]
0,123,7,xc1 dx a1 a2 d1 d2 Ir,25,-3.0,1.0524561715938647,-0.01,-0.02,0.2,1.0,2.8023977559033892,1.0763073322046448,-1.0,0,0,70,27,144.26525262341886,[1.76164003]
0,124,7,xc1 dx a1 a2 d1 d2 Ir,25,1.8030865899247919,0.5714549517441946,-0.01,-0.02,0.2581892219602846,0.5910658824277029,1.832378048888749,2.575071086945579,-0.5283648344219216,0,0,46,64,7.553562083087268e-12,[55.99914549]
0,125,7,xc1 dx a1 a2 d1 d2 Ir,25,2.0,0.1,-0.01,-0.02,0.2,1.0,2.4743606773220597,1.7021369211493371,-1.0,0,0,62,43,9.702190906182702,[40.73499568]
0,126,7,xc1 dx a1 a2 d1 d2 Ir,25,-3.0,0.1,-0.01,-0.02,0.25972624303847025,0.2,1.9436919820344105,1.945627573564446,-1.0,0,0,49,49,0.15859960815899588,[56.22243724]
0,127,7,xc1 dx a1 a2 d1 d2 Ir,25,-3.0,0.1,-0.01,-0.02,0.47285192865008885,0.2,1.0596722851426896,2.8802497268174343,-0.1,0,0,26,72,2.049758812997946,[63.74082787]
0,128,7,xc1 dx a1 a2 d1 d2 Ir,25,1.4587424392929405,0.1961482564882533,-0.01,-0.02,0.501317804436527,0.6438839908649618,1.0575502661648637,1.3084197240862057,-0.6183934801240247,0,0,26,33,1.7692926117775394e-12,[56.00011496]
0,129,7,xc1 dx a1 a2 d1 d2 Ir,25,-3.0,0.1,-0.01,-0.02,0.43829254469228573,0.2,2.7767257644945875,2.9102326243937258,-1.0,0,0,69,73,1.1160917794511174,[80.17099957]
0,130,7,xc1 dx a1 a2 d1 d2 Ir,25,-3.0,0.6308694009294331,-0.01,-0.02,0.2,1.0,2.2944899716806084,1.0438734793418925,-1.0,0,0,57,26,18.183358164433574,[75.54051438]
0,131,7,xc1 dx a1 a2 d1 d2 Ir,25,1.9001944100410562,0.4200652742414208,-0.01,-0.02,0.4446860838914781,0.22537849495838347,1.7809469368922146,2.7913526911018427,-0.620804070716429,0,0,45,70,2.625690235213583e-11,[56.00012066]
0,132,7,xc1 dx a1 a2 d1 d2 Ir,25,-3.0,0.1,-0.01,-0.02,0.2,0.2,1.614202262796728,2.697169017441994,-0.192987115824682,0,0,40,67,3.349355705671914,[67.15729795]
0,133,7,xc1 dx a1 a2 d1 d2 Ir,25,-3.0,0.1,-0.01,-0.02,0.6743950360248556,0.2,1.6773612928656076,2.090002383196607,-1.0,0,0,42,52,0.1379517515349234,[59.20177119]
0,134,7,xc1 dx a1 a2 d1 d2 Ir,25,-1.1618172184609812,0.1,-0.01,-0.02,1.0,0.6593925869916932,2.4922212159351775,2.6713397223762394,-1.0,0,0,62,67,0.31408632706758377,[56.78143182]
0,135,7,xc1 dx a1 a2 d1 d2 Ir,25,2.0,0.1,-0.01,-0.02,0.2,1.0,2.6418045268328725,1.2413514174893543,-1.0,0,0,66,31,633.4624476544101,[29.95727386]
0,136,7,xc1 dx a1 a2 d1 d2 Ir,25,-3.0,0.1,-0.01,-0.02,0.2,0.7260980229691529,1.8453817471181073,1.2797457004521255,-1.0,0,0,46,32,0.16735074255583043,[54.85282577]
0,137,7,xc1 dx a1 a2 d1 d2 Ir,25,-3.0,0.1,-0.01,-0.02,0.2,0.2,1.6975549907996348,2.641289255095758,-0.2340048615649009,0,0,42,66,3.755683884133538,[67.01424358]
0,138,7,xc1 dx a1 a2 d1 d2 Ir,25,-3.0,0.5330094803342472,-0.01,-0.02,0.2,1.0,2.7249562482492022,1.4955452857178797,-1.0,0,0,68,37,30.817943493196697,[83.18340524]
0,139,7,xc1 dx a1 a2 d1 d2 Ir,25,-3.0,0.1,-0.01,-0.02,0.2,0.6891043189826583,2.88061831687469,2.3135371700438125,-1.0,0,0,72,58,1.485836028937826,[77.94547962]
0,140,7,xc1 dx a1 a2 d1 d2 Ir,25,1.5202082908500503,0.6112357514624919,-0.01,-0.02,0.436699520121566,0.37128529684365574,1.1062680435095074,2.4447389725789863,-0.3304519316759866,0,0,28,61,1.3254853480000118e-11,[55.99858077]
0,141,7,xc1 dx a1 a2 d1 d2 Ir,25,-3.0,0.8018762530890483,-0.01,-0.02,0.2,1.0,2.3955061206565382,1.0032653797433473,-1.0,0,0,60,25,38.524777536484315,[80.42529445]
0,142,7,xc1 dx a1 a2 d1 d2 Ir,25,1.7218307500589949,0.8667936280835087,-0.01,-0.02,0.25233932383295227,0.8310557657139177,1.6906594240346955,2.667368230119292,-0.39561827823290646,0,0,42,67,1.298257765756993e-10,[55.99540175]
0,143,7,xc1 dx a1 a2 d1 d2 Ir,25,1.5778886868806121,0.7810500007797981,-0.01,-0.02,0.2,0.7006633232688745,1.4890396160361852,2.4661839665371694,-0.3388004530348241,0,0,37,62,7.940773159578139e-11,[55.99639396]
0,144,7,xc1 dx a1 a2 d1 d2 Ir,25,-3.0,0.7924079764132101,-0.01,-0.02,0.2,1.0,2.6198328494542498,1.1776034334900698,-1.0,0,0,65,29,55.427068928469076,[84.0819874]
0,145,7,xc1 dx a1 a2 d1 d2 Ir,25,1.4801890503838688,0.3395175137254512,-0.01,-0.02,0.4984156401817373,0.6260182490919561,1.048948968409634,1.6416535039752242,-0.4640055618123079,0,0,26,41,1.1639965073388338e-11,[55.99865245]
0,146,7,xc1 dx a1 a2 d1 d2 Ir,25,-3.0,0.1,-0.01,-0.02,1.0,0.22763187479590627,2.127464134725236,2.796613470977796,-1.0,0,0,53,70,0.18892997121678134,[77.51696415]
0,147,7,xc1 dx a1 a2 d1 d2 Ir,25,-3.0,0.1,-0.01,-0.02,0.5831609139260734,0.2,1.89693893764573,2.252356661498186,-0.9346676240788361,0,0,47,56,0.4766603723980152,[65.45553373]
0,148,7,xc1 dx a1 a2 d1 d2 Ir,25,-3.0,0.1,-0.01,-0.02,0.2,0.2,2.3582604885977316,2.9559694282663536,-0.47678692085826807,0,0,59,74,18.559344051159663,[77.96334704]
0,149,7,xc1 dx a1 a2 d1 d2 Ir,25,-3.0,0.1,-0.01,-0.02,0.2,0.5723902993501736,2.6064729866038006,2.1560106581343925,-1.0,0,0,65,54,0.8019835659627312,[70.9799854]
0,150,7,xc1 dx a1 a2 d1 d2 Ir,25,1.8125362796864954,0.13694902743810836,-0.01,-0.02,0.2,1.0,1.956596913118879,1.3258084568394308,-1.0,0,0,49,33,0.002313875554215758,[67.96252666]
0,151,7,xc1 dx a1 a2 d1 d2 Ir,25,1.4908755116513666,0.9828246594733119,-0.01,-0.02,0.49061108829226013,0.8866058116970279,1.4092204921258698,2.9466479015683724,-0.3454972691661274,0,0,35,74,0.00015002504019490519,[46.88737091]
0,152,7,xc1 dx a1 a2 d1 d2 Ir,25,1.9999110781282075,0.26491626172397786,-0.01,-0.02,0.20072727116193467,0.9882104691583601,2.596757681465537,2.249344989915105,-0.8658957043718871,0,0,65,56,4.288320019316728e-05,[52.85289828]
0,153,7,xc1 dx a1 a2 d1 d2 Ir,25,2.0,0.1,-0.01,-0.02,0.2,1.0,2.7913373497539813,2.132307124003158,-1.0,0,0,70,53,0.11797407111318255,[64.40023318]
0,154,7,xc1 dx a1 a2 d1 d2 Ir,25,-3.0,0.21260039672199676,-0.01,-0.02,0.2,0.950127115382912,1.8874487505636417,1.0105512721171477,-1.0,0,0,47,25,1.6980236917218123,[75.58583152]
0,155,7,xc1 dx a1 a2 d1 d2 Ir,25,-3.0,0.1,-0.01,-0.02,0.2,0.8648711923526796,2.550447329001371,1.8328508964127883,-1.0,0,0,64,46,1.2357518491043002,[70.90274788]
0,156,7,xc1 dx a1 a2 d1 d2 Ir,25,-3.0,0.1,-0.01,-0.02,0.2,0.2752358547192802,1.4461301558916453,1.3149466495356221,-1.0,0,0,36,33,0.02387686333491514,[46.65550379]
0,157,7,xc1 dx a1 a2 d1 d2 Ir,25,1.9742300983581837,0.7523385426018909,-0.01,-0.02,0.20070788242635398,0.38064040943353045,1.4627146321184343,2.6324154308232535,-0.3330601167255999,0,0,37,66,0.005323573436238943,[71.75145527]
0,158,7,xc1 dx a1 a2 d1 d2 Ir,25,1.7890167792064466,0.7556739546178959,-0.01,-0.02,0.23048167917367124,0.8673410277291972,1.8369062030862668,2.541901215145928,-0.46791282108243043,0,0,46,64,3.271073054370744e-11,[55.99789575]
0,159,7,xc1 dx a1 a2 d1 d2 Ir,25,-3.0,0.5885908668642367,-0.01,-0.02,0.2,1.0,2.2466583727915515,1.040691595548709,-1.0,0,0,56,26,14.480794340666305,[74.16448466]
0,160,7,xc1 dx a1 a2 d1 d2 Ir,25,-3.0,0.1,-0.01,-0.02,0.2,0.5351459881684648,2.4221316261632166,2.0466862245313617,-1.0,0,0,61,51,0.5589318611994751,[66.9786918]
0,161,7,xc1 dx a1 a2 d1 d2 Ir,25,-3.0,0.1,-0.01,-0.02,0.2,0.45713818796078187,2.273725473734114,1.9598635291195234,-1.0,0,0,57,49,0.3607359864004358,[62.99193648]
0,162,7,xc1 dx a1 a2 d1 d2 Ir,25,-3.0,0.1,-0.01,-0.02,0.5095734560805356,0.2,1.998974841384198,2.222047850131335,-1.0,0,0,50,56,0.2847582663348137,[62.97194346]
0,163,7,xc1 dx a1 a2 d1 d2 Ir,25,-3.0,0.5198829421089762,-0.01,-0.02,0.2,1.0,2.7943078546166165,1.5695627662058618,-1.0,0,0,70,39,33.328630157987426,[84.66607839]
0,164,7,xc1 dx a1 a2 d1 d2 Ir,25,-3.0,0.268568989937307,-0.01,-0.02,0.2,1.0,2.2100994942245373,1.2418856037522745,-1.0,0,0,55,31,3.338217029652942,[69.53610692]
0,165,7,xc1 dx a1 a2 d1 d2 Ir,25,-3.0,0.1,-0.01,-0.02,0.2,0.27407938812378074,1.4679718157603814,1.3516782288138498,-1.0,0,0,37,34,0.027822132446852412,[47.24702412]
0,166,7,xc1 dx a1 a2 d1 d2 Ir,25,-3.0,0.1,-0.01,-0.02,0.24927737695226748,0.2,1.070108912696414,2.487200849769916,-0.1,0,0,27,62,0.5343422295087219,[57.42082762]
0,167,7,xc1 dx a1 a2 d1 d2 Ir,25,-3.0,0.1,-0.01,-0.02,0.2,0.20989675006187725,2.5374109259357196,2.4446331125949303,-1.0,0,0,63,61,0.5461001938880308,[68.55928544]
0,168,7,xc1 dx a1 a2 d1 d2 Ir,25,1.4611148358799535,0.7714780920790981,-0.01,-0.02,0.39329515030935325,0.6477401519467083,1.3800806879666103,2.7268326363846964,-0.36385602416804697,0,0,35,68,0.00013615868973028034,[48.34181008]
0,169,7,xc1 dx a1 a2 d1 d2 Ir,25,-3.0,0.17037333630812895,-0.01,-0.02,0.2,1.0,2.5801569049211164,1.6896328155829947,-1.0,0,0,65,42,3.901965422917761,[77.65043994]
0,170,7,xc1 dx a1 a2 d1 d2 Ir,25,1.5666061974726155,0.3026690932697389,-0.01,-0.02,0.3470455697443717,0.8683671633385538,1.48445582875498,1.5308632192089082,-0.6586385048474516,0,0,37,38,2.0306220676002655e-11,[56.0018173]
0,171,7,xc1 dx a1 a2 d1 d2 Ir,25,1.7011559631183069,0.5242860868930658,-0.01,-0.02,0.4304732175248901,0.8000561658088415,2.1798404131229216,2.8315921196675444,-0.6489129575727138,0,0,54,71,0.00011711060874863547,[42.48657421]
0,172,7,xc1 dx a1 a2 d1 d2 Ir,25,-3.0,0.15388195329063553,-0.01,-0.02,0.2,1.0,2.851272037489812,1.922390514039894,-1.0,0,0,71,48,4.965720220963793,[82.98756103]
0,173,7,xc1 dx a1 a2 d1 d2 Ir,25,-3.0,0.1,-0.01,-0.02,0.2,0.42333985107259425,2.0168979554579574,1.7322729362319724,-1.0,0,0,50,43,0.16907763321957797,[56.74070496]
0,174,7,xc1 dx a1 a2 d1 d2 Ir,25,1.4932082555957702,0.3488819119655342,-0.01,-0.02,0.2382042687434994,0.8667853967013951,1.4504827389184654,1.4837577060787095,-0.5754829653423598,0,0,36,37,5.085325281640317e-12,[56.00090911]
0,175,7,xc1 dx a1 a2 d1 d2 Ir,25,1.9381390925746187,0.19266575204085173,-0.01,-0.02,0.9900910947827418,0.4701312016018263,2.005736607240213,2.981108237167979,-0.7876970064157138,0,0,50,75,9.186950562541386e-11,[36.00384434]
0,176,7,xc1 dx a1 a2 d1 d2 Ir,25,-3.0,0.1,-0.01,-0.02,0.2,0.6498659116751094,2.7902574894559873,2.271948163469427,-1.0,0,0,70,57,1.2464383450703311,[75.99588468]
0,177,7,xc1 dx a1 a2 d1 d2 Ir,25,2.0,0.1,-0.01,-0.02,0.2,1.0,2.6170957297605377,1.0866293225989812,-1.0,0,0,65,27,795.833966963551,[32.3474027]
0,178,7,xc1 dx a1 a2 d1 d2 Ir,25,2.0,0.1,-0.01,-0.02,0.2,1.0,2.510201483403124,1.6724655020180583,-1.0,0,0,63,42,36.444755481783154,[32.77829187]
0,179,7,xc1 dx a1 a2 d1 d2 Ir,25,1.8659975681519672,0.19014305193010358,-0.01,-0.02,0.35059661544636644,0.8257766352809858,2.0333295360856187,1.8877406101975678,-0.8605516846042089,0,0,51,47,4.744847882081548e-12,[55.99924687]
0,180,7,xc1 dx a1 a2 d1 d2 Ir,25,-3.0,0.1,-0.01,-0.02,0.2,0.674554218352208,2.0123622186422447,1.493313589686555,-1.0,0,0,50,37,0.2370706186496507,[57.60318109]
0,181,7,xc1 dx a1 a2 d1 d2 Ir,25,1.55003332814491,0.1,-0.01,-0.02,0.28580397153609216,0.25925116088528427,1.3840724043860768,1.6217230372664948,-0.7925064104883466,0,0,35,41,6.435365236691645e-11,[56.00124632]
0,182,7,xc1 dx a1 a2 d1 d2 Ir,25,1.3550655849575106,0.3714405022305304,-0.01,-0.02,0.643939065232046,0.5607320216257764,1.5681261282760681,2.56920855808459,-0.5835286612842514,0,0,39,64,9.397207352973526e-10,[35.98850805]
0,183,7,xc1 dx a1 a2 d1 d2 Ir,25,-3.0,0.1,-0.01,-0.02,0.2,0.2,1.4392902692835978,2.634702326176071,-0.14824300000919138,0,0,36,66,1.9844829667866417,[65.57037123]
0,184,7,xc1 dx a1 a2 d1 d2 Ir,25,-3.0,0.1,-0.01,-0.02,0.2,0.2,1.6665293922686024,2.6200838823229233,-0.23400486233568832,0,0,42,66,3.755683884133544,[67.01424343]
0,185,7,xc1 dx a1 a2 d1 d2 Ir,25,1.9766711191989186,0.26340120367000885,-0.01,-0.02,0.2510076515921418,0.9177391679417274,2.1850405258739514,1.9522601626103573,-0.8217671939081229,0,0,55,49,4.3458214834969363e-05,[58.38397828]
0,186,7,xc1 dx a1 a2 d1 d2 Ir,25,-3.0,0.1,-0.01,-0.02,0.2,0.2,1.2170189689522743,2.364601479780344,-0.1253958715438943,0,0,30,59,0.521122260113009,[59.93837387]
0,187,7,xc1 dx a1 a2 d1 d2 Ir,25,1.5391768322317387,0.3496917908975609,-0.01,-0.02,0.5545179851482677,0.2000169467409999,1.0485826703239034,2.16079712732295,-0.4477377174320591,0,0,26,54,4.6494854175944515e-12,[55.99935539]
0,188,7,xc1 dx a1 a2 d1 d2 Ir,25,1.5752320302282257,0.9224563581726701,-0.01,-0.02,0.2,0.9982090258829566,1.4828467379557932,2.3806209306251533,-0.3175050455753708,0,0,37,60,1.7609522969053567e-10,[55.99465598]
0,189,7,xc1 dx a1 a2 d1 d2 Ir,25,-3.0,0.1,-0.01,-0.02,0.2,0.565939221716232,2.919308996250642,2.4692173601009255,-1.0,0,0,73,62,1.3359371702903722,[78.69966007]
0,190,7,xc1 dx a1 a2 d1 d2 Ir,25,-3.0,0.1,-0.01,-0.02,1.0,0.2,1.945374420199359,2.908676953228241,-0.778612733944048,0,0,49,73,6.769732214396202,[82.6070756]
0,191,7,xc1 dx a1 a2 d1 d2 Ir,25,1.5793336774836602,0.4862393873899393,-0.01,-0.02,0.4700306990440796,0.8866580518776109,1.2899703796599156,1.8061064595682212,-0.4803841426484386,0,0,32,45,1.2926987357874437e-10,[56.00043855]
0,192,7,xc1 dx a1 a2 d1 d2 Ir,25,-3.0,0.1,-0.01,-0.02,0.42009300417414125,0.2,1.6681559965907309,1.8524419110593184,-1.0,0,0,42,46,0.10094103418767385,[53.7911922]
0,193,7,xc1 dx a1 a2 d1 d2 Ir,25,-3.0,0.1,-0.01,-0.02,0.2,0.21776658134332494,2.116370920398398,2.052065013436423,-1.0,0,0,53,51,0.2126279018495977,[59.01507963]
0,194,7,xc1 dx a1 a2 d1 d2 Ir,25,1.1433284086815219,0.49391431870890834,-0.01,-0.02,0.3123418662760406,0.4489453533215468,1.5034883579624683,2.653376779516197,-0.43809298333752483,0,0,38,66,2.369707546952781e-10,[35.99376912]
0,195,7,xc1 dx a1 a2 d1 d2 Ir,25,-3.0,0.16152173893798263,-0.01,-0.02,0.2,1.0,2.722888830429908,1.7949782025785663,-1.0,0,0,68,45,4.430840858372768,[80.34139559]
0,196,7,xc1 dx a1 a2 d1 d2 Ir,25,1.6158726553577079,0.49702961515935956,-0.01,-0.02,0.43025745050232184,0.9245541766916704,1.4181831594301235,1.8470561602659878,-0.5090224174132933,0,0,35,46,4.381027374976652e-11,[56.00264386]
0,197,7,xc1 dx a1 a2 d1 d2 Ir,25,1.0988989663371838,0.2761199935856107,-0.01,-0.02,0.4779366078437327,0.31965986145288183,1.2345941817622295,2.1629449946375043,-0.5142527011866422,0,0,31,54,4.805076700139871e-11,[35.99936078]
0,198,7,xc1 dx a1 a2 d1 d2 Ir,25,-3.0,0.13170689315039208,-0.01,-0.02,0.2,1.0,1.9566804238655684,1.1060709138257268,-1.0,0,0,49,28,0.6962720766153776,[64.00651638]
0,199,7,xc1 dx a1 a2 d1 d2 Ir,25,1.616980965821928,0.44226887986842955,-0.01,-0.02,0.6576129317208566,0.23175440606048126,1.0234279405700835,2.3888158725078608,-0.41711089706205157,0,0,26,60,5.768601281235925e-12,[55.99913896]
0,200,7,xc1 dx a1 a2 d1 d2 Ir,25,-3.0,0.486819659161395,-0.01,-0.02,0.2,1.0,2.72002197502119,1.5334245252067347,-1.0,0,0,68,38,25.98548799246841,[82.6988033]
0,201,7,xc1 dx a1 a2 d1 d2 Ir,25,-3.0,0.1,-0.01,-0.02,0.2,0.2500232918977644,2.50538676529365,2.3877531540720316,-1.0,0,0,63,60,0.5505060054241613,[68.58249694]
0,202,7,xc1 dx a1 a2 d1 d2 Ir,25,1.6776538729351962,0.5192691756149935,-0.01,-0.02,0.33576548748666024,0.834603698536102,2.3534006684720934,2.9385716327453504,-0.6707778191213908,0,0,59,73,7.14747640151152e-05,[40.38563803]
0,203,7,xc1 dx a1 a2 d1 d2 Ir,25,-3.0,0.1,-0.01,-0.02,0.2,0.4916282750798382,2.5593776105757393,2.189215585239098,-1.0,0,0,64,55,0.6818980276505315,[69.84651519]
0,204,7,xc1 dx a1 a2 d1 d2 Ir,25,-3.0,0.1,-0.01,-0.02,0.2,0.4244338006368221,1.9641305932706385,1.6643278018612242,-1.0,0,0,49,42,0.1509727729233637,[55.92952357]
0,205,7,xc1 dx a1 a2 d1 d2 Ir,25,-3.0,0.5000209746413615,-0.01,-0.02,0.2,1.0,2.6573686406709296,1.4500246341715182,-1.0,0,0,66,36,23.878382878576858,[81.1733307]
0,206,7,xc1 dx a1 a2 d1 d2 Ir,25,-3.0,0.1,-0.01,-0.02,1.0,0.7469170678479928,2.7915662112710518,2.944220174070556,-1.0,0,0,70,74,1.0407674844102033,[6.13889277]
0,207,7,xc1 dx a1 a2 d1 d2 Ir,25,1.5033820931251498,0.8309119527182944,-0.01,-0.02,0.21721570074674054,0.7976130058168471,1.3199505660572584,2.3474853627732006,-0.2849293612315023,0,0,33,59,4.843876294733563e-11,[55.99804504]
0,208,7,xc1 dx a1 a2 d1 d2 Ir,25,-3.0,0.1,-0.01,-0.02,0.2,0.2,1.5089595743057473,2.1312192175142495,-0.3422068450130327,0,0,38,53,0.7363056247504675,[57.80208128]
0,209,7,xc1 dx a1 a2 d1 d2 Ir,25,-3.0,0.2024376905195632,-0.01,-0.02,0.2,1.0,2.2847142170956927,1.3650723707369192,-1.0,0,0,57,34,2.6309973143658305,[70.69856598]
0,210,7,xc1 dx a1 a2 d1 d2 Ir,25,-3.0,0.1,-0.01,-0.02,0.2,0.4468333561278959,1.3364092959411926,1.039997766256753,-1.0,0,0,33,26,0.017087431738154555,[45.51280721]
0,211,7,xc1 dx a1 a2 d1 d2 Ir,25,-3.0,0.1,-0.01,-0.02,0.3075074199291346,0.2,2.264174871864812,2.304195626385019,-1.0,0,0,57,58,0.39903858095121686,[64.75840757]
0,212,7,xc1 dx a1 a2 d1 d2 Ir,25,-3.0,0.1,-0.01,-0.02,0.2,0.9768651684737721,2.117170350708254,1.3115264017579933,-1.0,0,0,53,33,0.6444053637530054,[61.76327854]
0,213,7,xc1 dx a1 a2 d1 d2 Ir,25,-3.0,0.1,-0.01,-0.02,0.2,0.5881216787082955,2.02152190972069,1.6192986840027315,-1.0,0,0,51,40,0.22869324799408763,[58.05574071]
0,214,7,xc1 dx a1 a2 d1 d2 Ir,25,-3.0,0.1,-0.01,-0.02,0.2,0.5941116747563394,1.8824221180167688,1.4404133619232593,-1.0,0,0,47,36,0.14711176130211817,[54.93068085]
0,215,7,xc1 dx a1 a2 d1 d2 Ir,25,-3.0,0.1,-0.01,-0.02,0.2,0.24286076214466545,1.1707336852742751,1.079749800915704,-1.0,0,0,29,27,0.0071904578673738515,[42.63527801]
0,216,7,xc1 dx a1 a2 d1 d2 Ir,25,1.8649976068670007,0.4330907292460102,-0.01,-0.02,0.46153912190004087,0.8363162032100407,1.7549705968557094,2.1539908800260616,-0.636979264372972,0,0,44,54,1.4308811055649844e-06,[56.47316164]
0,217,7,xc1 dx a1 a2 d1 d2 Ir,25,1.638944552465383,0.1791537476192594,-0.01,-0.02,0.35578437501557725,0.822058193791477,1.6819556079756612,1.5375916622347212,-0.8351807817350946,0,0,42,38,1.021323763843375e-12,[56.00040717]
0,218,7,xc1 dx a1 a2 d1 d2 Ir,25,1.9845766387049582,0.39801527253919294,-0.01,-0.02,0.8692130840508717,0.211071871879581,1.4118424483452139,2.8201873442611727,-0.5818843347575381,0,0,35,71,6.10581884054923e-07,[55.67848979]
0,219,7,xc1 dx a1 a2 d1 d2 Ir,25,1.5466770793346172,0.1000187842975607,-0.01,-0.02,0.4379899737880032,0.3030262759417297,1.206665929875954,1.571191809127723,-0.7618437738930081,0,0,30,39,5.842542935224719e-10,[56.00960419]
0,220,7,xc1 dx a1 a2 d1 d2 Ir,25,1.479223091831536,0.33103192804985776,-0.01,-0.02,0.2985611542888531,0.7700166953763491,1.804021632885446,1.980588722506221,-0.6661837638013217,0,0,45,50,0.00015237999317757608,[45.89161786]
0,221,7,xc1 dx a1 a2 d1 d2 Ir,25,1.7902466077160402,0.35176538643590516,-0.01,-0.02,0.5627298831704036,0.21523941913402259,1.4627280361175472,2.526155291353617,-0.5960457863474843,0,0,37,63,5.7169117771874e-12,[55.99904007]
0,222,7,xc1 dx a1 a2 d1 d2 Ir,25,1.2880769102441514,0.4657394781094878,-0.01,-0.02,0.400032890651632,0.44729659971336316,1.4459955907607898,2.4804084408315736,-0.4664563690187021,0,0,36,62,9.1020807587954e-05,[41.23304964]
0,223,7,xc1 dx a1 a2 d1 d2 Ir,25,-3.0,0.1,-0.01,-0.02,0.6352134681927732,0.2,2.0047913010235403,2.3486683237539663,-1.0,0,0,50,59,0.3143730549496807,[66.20994905]
0,224,7,xc1 dx a1 a2 d1 d2 Ir,25,-3.0,0.1,-0.01,-0.02,0.2,0.2,1.4547652915121911,1.8526286320608922,-0.448908530346291,0,0,36,46,0.2563541168017813,[53.3891545]
0,225,7,xc1 dx a1 a2 d1 d2 Ir,25,2.0,0.1,-0.01,-0.02,0.2,1.0,2.4032800962754046,1.3790483380435539,-1.0,0,0,60,34,158.74721291104356,[33.16780216]
0,226,7,xc1 dx a1 a2 d1 d2 Ir,25,-3.0,0.1,-0.01,-0.02,0.2,0.2,1.1002127255835017,1.7344194999811218,-0.2720764699484266,0,0,28,43,0.08382647380089313,[50.74215335]
0,227,7,xc1 dx a1 a2 d1 d2 Ir,25,-3.0,0.1,-0.01,-0.02,0.2,0.2880846246247439,2.627868626145733,2.491949311125322,-1.0,0,0,66,62,0.7028987653754682,[71.62192291]
0,228,7,xc1 dx a1 a2 d1 d2 Ir,25,1.8708602887073367,0.7975686325565666,-0.01,-0.02,0.3120436814932561,0.7717463966292073,1.9336673701784277,2.862294071963536,-0.4907716935967577,0,0,48,72,6.195349123288759e-06,[54.93528741]
0,229,7,xc1 dx a1 a2 d1 d2 Ir,25,-3.0,0.1,-0.01,-0.02,0.31375483613264965,0.2,2.651170292917039,2.677286479035566,-1.0,0,0,66,67,0.8215908184600945,[74.04008747]
0,230,7,xc1 dx a1 a2 d1 d2 Ir,25,1.9594532146653971,0.34831947041667843,-0.01,-0.02,0.46288099295304064,0.8358333819909501,2.074049711476845,2.3189376508420114,-0.7483535091710818,0,0,52,58,3.59375699914112e-05,[53.17270503]
0,231,7,xc1 dx a1 a2 d1 d2 Ir,25,1.9953747001545308,0.19042227589182048,-0.01,-0.02,0.2081015377120552,0.9890233847767568,2.996520807149294,2.506578591120814,-0.9376240655214734,0,0,75,63,0.00012630310822336874,[48.99506861]
0,232,7,xc1 dx a1 a2 d1 d2 Ir,25,-3.0,0.1,-0.01,-0.02,0.250174121390421,0.2,1.5436230722133586,1.5614116485075678,-1.0,0,0,39,39,0.043172877787868394,[48.51376895]
0,233,7,xc1 dx a1 a2 d1 d2 Ir,25,1.533858541552277,0.17100175329735598,-0.01,-0.02,0.2,1.0,1.9682272307691187,1.4087213588245584,-0.9496965177235449,0,0,49,35,2.6925590933045987e-11,[55.99794979]
0,234,7,xc1 dx a1 a2 d1 d2 Ir,25,-3.0,0.1,-0.01,-0.02,0.21940822499845403,0.2,2.0110130862788886,1.9610093961687673,-1.0,0,0,50,49,0.16016736561910727,[56.20307925]
0,235,7,xc1 dx a1 a2 d1 d2 Ir,25,1.4683877985878568,1.1995377848427404,-0.01,-0.02,0.36205956406274314,0.9389837615485339,1.044201854639541,2.767516362043815,-0.18534376251254636,0,0,26,69,7.003301588635545e-11,[55.99672704]
0,236,7,xc1 dx a1 a2 d1 d2 Ir,25,-3.0,0.1,-0.01,-0.02,0.3845529131622359,0.2,2.4171547465518257,2.5056042162365104,-0.9909808836089629,0,0,60,63,0.6706616241360474,[70.79382864]
0,237,7,xc1 dx a1 a2 d1 d2 Ir,25,1.329318419774875,0.513194628218066,-0.01,-0.02,0.2,1.0,1.1219921066851277,1.3545665518579466,-0.3484405500004328,0,0,28,34,1.547928204386082e-11,[55.9984117]
0,238,7,xc1 dx a1 a2 d1 d2 Ir,25,1.24176163311459,0.38968676742469194,-0.01,-0.02,0.6497122019814948,0.23011251634974686,1.2914595724625804,2.727648271430364,-0.48285019362708714,0,0,32,68,5.115615183920019e-10,[35.99088717]
0,239,7,xc1 dx a1 a2 d1 d2 Ir,25,1.392198845350692,0.25655126810575535,-0.01,-0.02,0.26362467967293185,0.2557237716153369,1.1233982291715627,1.7355887801695449,-0.4740618253572329,0,0,28,43,8.533997536799625e-13,[56.00033223]
0,240,7,xc1 dx a1 a2 d1 d2 Ir,25,1.9838292671291076,0.18419501775347621,-0.01,-0.02,0.3543790728088928,0.8500471108790498,2.2370505595327392,2.054685249097494,-0.8872838351016299,0,0,56,51,7.269205506710124e-11,[55.99658132]
0,241,7,xc1 dx a1 a2 d1 d2 Ir,25,2.0,0.1,-0.01,-0.02,0.2,1.0,2.4216886917410494,1.4722224115784384,-1.0,0,0,61,37,101.8226192758131,[32.19261621]
0,242,7,xc1 dx a1 a2 d1 d2 Ir,25,1.9804596771725371,0.273686803206373,-0.01,-0.02,0.359771202083224,0.33954778501947275,2.0271876113724687,2.551164570031103,-0.7469374457622978,0,0,51,64,1.203722965805903e-11,[55.99865014]
0,243,7,xc1 dx a1 a2 d1 d2 Ir,25,1.6379575911296076,0.20736069760465942,-0.01,-0.02,0.40568956524660355,0.8481188553636402,1.6125908071738528,1.5247902441369388,-0.7968207224498771,0,0,40,38,3.042409168599066e-12,[55.99952658]
0,244,7,xc1 dx a1 a2 d1 d2 Ir,25,2.0,0.1,-0.01,-0.02,0.2,1.0,2.157637454071133,1.1309494577904573,-1.0,0,0,54,28,131.13304706159303,[39.66305777]
0,245,7,xc1 dx a1 a2 d1 d2 Ir,25,-3.0,0.1,-0.01,-0.02,0.2,0.810673841246659,2.9579639375412032,2.2712582418851923,-1.0,0,0,74,57,2.039354182982147,[79.9896047]
0,246,7,xc1 dx a1 a2 d1 d2 Ir,25,1.931626984771392,0.37524723323512094,-0.01,-0.02,0.4037041228281399,0.7841440794016045,1.881307068115184,2.1511514511453482,-0.6843866257137758,0,0,47,54,2.3829286052976467e-05,[57.81217772]
0,247,7,xc1 dx a1 a2 d1 d2 Ir,25,-3.0,0.1,-0.01,-0.02,0.2,0.8924369650302499,2.987862736765759,2.2431154751446543,-1.0,0,0,75,56,2.5273709327461855,[81.0531551]
0,248,7,xc1 dx a1 a2 d1 d2 Ir,25,2.0,0.3853227333776407,-0.01,-0.02,0.2139290452994025,0.9110630760246698,2.3985509345221327,2.368283213733899,-0.7540977389577619,0,0,60,59,2.3532084386899484e-05,[53.79161777]
0,249,7,xc1 dx a1 a2 d1 d2 Ir,25,-3.0,0.1,-0.01,-0.02,0.3067453977527392,0.2,2.250609228213066,2.2658219580374874,-1.0,0,0,56,57,0.36343655774798894,[63.7544039]
0,250,7,xc1 dx a1 a2 d1 d2 Ir,25,-3.0,0.1,-0.01,-0.02,0.2,0.2,1.0782583141215445,1.4818356325335635,-0.3817935825454599,0,0,27,37,0.03478087863757794,[47.78161529]
0,251,7,xc1 dx a1 a2 d1 d2 Ir,25,-3.0,0.1,-0.01,-0.02,0.38150769450029376,0.2,1.82048153445917,1.9781537516908076,-1.0,0,0,46,49,0.14979716022552844,[56.29756653]
0,252,7,xc1 dx a1 a2 d1 d2 Ir,25,2.0,0.1,-0.01,-0.02,0.2,1.0,2.6206319361076797,1.6771905314945004,-1.0,0,0,66,42,110.81858973263056,[27.54637529]
0,253,7,xc1 dx a1 a2 d1 d2 Ir,25,-3.0,0.7972457796082978,-0.01,-0.02,0.2,1.0,2.9615987686035234,1.4544860432039646,-1.0,0,0,74,36,98.46349379491518,[0.82504872]
0,254,7,xc1 dx a1 a2 d1 d2 Ir,25,-3.0,0.1,-0.01,-0.02,0.2284779244217433,0.2,2.436253003780471,2.4159994717849065,-1.0,0,0,61,60,0.48764865065001944,[66.73759007]
0,255,7,xc1 dx a1 a2 d1 d2 Ir,25,-3.0,0.1,-0.01,-0.02,0.2,0.8924369640067635,2.9847877677128043,2.2212872766248837,-1.0,0,0,75,56,2.5273709327462,[81.05315543]
0,256,7,xc1 dx a1 a2 d1 d2 Ir,25,-3.0,0.36876993953963055,-0.01,-0.02,0.2,1.0,2.543728849776908,1.4850240199541356,-1.0,0,0,64,37,11.963501992026885,[78.13526464]
0,257,7,xc1 dx a1 a2 d1 d2 Ir,25,1.159751330105074,0.4407356151543759,-0.01,-0.02,0.6857854263109792,0.2380269783483804,1.0242809298030116,2.673696190187867,-0.3824513592215411,0,0,26,67,3.8815383519476774e-12,[35.99925724]
0,258,7,xc1 dx a1 a2 d1 d2 Ir,25,-3.0,0.1,-0.01,-0.02,0.41203724019440474,0.2,1.2807031373559497,1.4579903315615146,-1.0,0,0,32,36,0.02470655933597526,[46.56301727]
0,259,7,xc1 dx a1 a2 d1 d2 Ir,25,-3.0,0.1,-0.01,-0.02,0.2,1.0,2.309380095394837,1.468889203346634,-1.0,0,0,58,37,1.1165986003520147,[68.67594112]
0,260,7,xc1 dx a1 a2 d1 d2 Ir,25,-3.0,0.1,-0.01,-0.02,0.2,0.33278840462864523,2.384340838484913,2.2142319493281635,-1.0,0,0,60,55,0.4382586387644223,[65.67936517]
0,261,7,xc1 dx a1 a2 d1 d2 Ir,25,-3.0,0.1,-0.01,-0.02,0.2,0.5715023689546264,2.6511094374621513,2.1868772992974637,-1.0,0,0,66,55,0.8618887853015147,[71.96361503]
0,262,7,xc1 dx a1 a2 d1 d2 Ir,25,-3.0,0.1,-0.01,-0.02,0.2,0.3914005813257533,1.66785017900314,1.456202354838225,-1.0,0,0,42,36,0.061279507318708216,[50.67897794]
0,263,7,xc1 dx a1 a2 d1 d2 Ir,25,1.8474700666869337,0.5210647603668587,-0.01,-0.02,0.3843497190067613,0.9430384402129527,1.8549055358460824,2.2073583130524903,-0.6059597326378717,0,0,46,55,7.968780482702644e-11,[55.99787184]
0,264,7,xc1 dx a1 a2 d1 d2 Ir,25,-3.0,0.1,-0.01,-0.02,0.2,0.2,1.6418055328811907,2.780647065106343,-0.18149190266039278,0,0,41,70,4.608131232374577,[69.36478347]
0,265,7,xc1 dx a1 a2 d1 d2 Ir,25,1.5725034910340336,0.6609843064985108,-0.01,-0.02,0.3319006908618269,0.8528575885647407,1.6271078468251405,2.4108901057461596,-0.4665420847502857,0,0,41,60,0.00010604909628913808,[50.07274264]
0,266,7,xc1 dx a1 a2 d1 d2 Ir,25,1.6218511795321617,0.3941371891183499,-0.01,-0.02,0.4496573772591324,0.8398701496492105,1.3897752843655489,1.7649221184501431,-0.5673886509702214,0,0,35,44,4.0825600902780975e-11,[55.9984962]
0,267,7,xc1 dx a1 a2 d1 d2 Ir,25,-3.0,0.3971540468684616,-0.01,-0.02,0.2,1.0,2.1092941532851337,1.0733609175497805,-1.0,0,0,53,27,5.250106208988507,[69.32141097]
0,268,7,xc1 dx a1 a2 d1 d2 Ir,25,1.8800126054938644,0.2897743712433151,-0.01,-0.02,0.20208714698199232,0.9503322350376339,2.6851634252246397,2.4512497063652496,-0.8448803657356504,0,0,67,61,0.00015067491380229604,[46.75683963]
0,269,7,xc1 dx a1 a2 d1 d2 Ir,25,-3.0,0.8822051808983865,-0.01,-0.02,0.2,1.0,2.9426966583505774,1.3764651169978215,-1.0,0,0,74,34,122.34557708394864,[1.9247404]
0,270,7,xc1 dx a1 a2 d1 d2 Ir,25,1.5968184950698243,0.5896739683043228,-0.01,-0.02,0.2654932877825633,0.8319443329532327,1.5981502535844885,2.1575152565001927,-0.4682355745582346,0,0,40,54,2.3501522400606945e-05,[53.79335813]
0,271,7,xc1 dx a1 a2 d1 d2 Ir,25,-3.0,0.1,-0.01,-0.02,0.46988767051087493,0.2,2.1057360755407837,2.337342478030833,-1.0,0,0,53,58,0.3603800047665987,[64.93215975]
0,272,7,xc1 dx a1 a2 d1 d2 Ir,25,1.975342104483776,0.5164431757250956,-0.01,-0.02,0.5081255325231642,0.77676991343502,1.7360452262143262,2.379964762888246,-0.5862240055901365,0,0,43,59,0.00011204632480064133,[59.62779284]
0,273,7,xc1 dx a1 a2 d1 d2 Ir,25,-3.0,0.21900979588126707,-0.01,-0.02,0.2,1.0,2.162852291617697,1.2509727510759665,-1.0,0,0,54,31,2.2341150843974567,[68.3210515]
0,274,7,xc1 dx a1 a2 d1 d2 Ir,25,-3.0,0.14458775430859072,-0.01,-0.02,0.2,1.0,2.320437345891371,1.4322997272246705,-1.0,0,0,58,36,1.8329630069977345,[71.28803411]
0,275,7,xc1 dx a1 a2 d1 d2 Ir,25,1.5636236031291686,0.16722309619261108,-0.01,-0.02,0.41324755897916826,0.9174063206485508,1.59133770048675,1.358263535360291,-0.8866497643953897,0,0,40,34,2.9909877848155585e-10,[56.00694476]
0,276,7,xc1 dx a1 a2 d1 d2 Ir,25,-3.0,0.1,-0.01,-0.02,0.2,0.22913441632796944,1.63891333747532,1.5579118133181247,-1.0,0,0,41,39,0.04895231784158665,[49.71024881]
0,277,7,xc1 dx a1 a2 d1 d2 Ir,25,1.8534091237744073,0.4318908683500203,-0.01,-0.02,0.28869817033959577,0.8534752307155973,1.948580470096315,2.176967309798288,-0.6538623468957361,0,0,49,54,1.7769750105487303e-12,[55.9994995]
0,278,7,xc1 dx a1 a2 d1 d2 Ir,25,1.991984613816583,0.12995879355128112,-0.01,-0.02,0.2,0.9956867908875732,2.3622594695180616,1.7209981266177041,-0.9900292304827844,0,0,59,43,0.0016444616981839096,[66.54284014]
0,279,7,xc1 dx a1 a2 d1 d2 Ir,25,-3.0,0.11228683271254662,-0.01,-0.02,0.2,0.35539841508624587,1.3709431192426902,1.1741174355440411,-1.0,0,0,34,29,0.02217581617953235,[44.87358637]
0,280,7,xc1 dx a1 a2 d1 d2 Ir,25,-3.0,0.1,-0.01,-0.02,0.2,0.2,1.5225045599335867,2.0976423522153715,-0.362647096743826,0,0,38,52,0.6524974389185318,[57.20322524]
0,281,7,xc1 dx a1 a2 d1 d2 Ir,25,-3.0,0.1,-0.01,-0.02,0.2,0.2085019306217359,2.611756924521286,2.5202418708128187,-1.0,0,0,65,63,0.6399342194018652,[70.56948228]
0,282,7,xc1 dx a1 a2 d1 d2 Ir,25,2.0,0.7634719894333122,-0.01,-0.02,0.20987487822112125,0.9353614099368247,2.3656567689339516,2.9475040631537714,-0.5858570084333758,0,0,59,74,4.920983688681713e-05,[52.57107682]
0,283,7,xc1 dx a1 a2 d1 d2 Ir,25,1.4975895965911585,0.26603510775543443,-0.01,-0.02,0.3644237210643942,0.7563902270919731,2.6876653649788502,2.9159374050571585,-0.8164035763392323,0,0,67,73,0.00012408486171307687,[32.2080089]
0,284,7,xc1 dx a1 a2 d1 d2 Ir,25,-3.0,0.1,-0.01,-0.02,0.2814203473495448,0.2837444626568658,2.659731514789576,2.6596472433365617,-0.9132260892809617,0,0,66,66,2.5941069306145392,[80.27633959]
0,285,7,xc1 dx a1 a2 d1 d2 Ir,25,1.6772492394615186,0.33292894273452833,-0.01,-0.02,0.5671198971736315,0.22167295549059043,1.6936963855374279,2.720995388247375,-0.6485295155955195,0,0,42,68,0.0001493624822622445,[47.00347865]
0,286,7,xc1 dx a1 a2 d1 d2 Ir,25,1.3689446482100953,0.357917122970206,-0.01,-0.02,0.4858362884842516,0.3968501776069948,1.815780258687386,2.75116175629645,-0.622681115650255,0,0,45,69,2.536699699105401e-10,[36.00633416]
0,287,7,xc1 dx a1 a2 d1 d2 Ir,25,-3.0,0.1,-0.01,-0.02,0.2,0.336126161921896,2.235452898809812,2.0277657542358267,-1.0,0,0,56,51,0.3014642004982752,[61.86096178]
0,288,7,xc1 dx a1 a2 d1 d2 Ir,25,1.8539225305585325,0.3528759266984896,-0.01,-0.02,0.3766250824286786,0.9441657924219917,1.9412623352962226,2.0197117094634276,-0.7342258225120097,0,0,49,50,2.7116281204375153e-06,[55.309359]
0,289,7,xc1 dx a1 a2 d1 d2 Ir,25,2.0,0.1,-0.01,-0.02,0.2,0.33105155533371056,1.010343891131036,1.0485463645470259,-0.7455053278866756,0,0,25,26,0.0026428165323193354,[62.61068519]
0,290,7,xc1 dx a1 a2 d1 d2 Ir,25,1.8306528036012473,0.33214301414471326,-0.01,-0.02,0.24461878993893252,0.20217283760143837,1.4939030415038652,2.1514829172385177,-0.5443946577872424,0,0,37,54,0.0022439829087865615,[66.17140837]
0,291,7,xc1 dx a1 a2 d1 d2 Ir,25,-3.0,0.1,-0.01,-0.02,0.2,0.2,1.7804885600575102,2.3183077059055313,-0.4283820975621735,0,0,45,58,2.041915674615026,[62.53028451]
0,292,7,xc1 dx a1 a2 d1 d2 Ir,25,1.609804369582521,1.2218169165842125,-0.01,-0.02,0.2179330172360358,0.9991364439711344,1.3840646733730253,2.832224898889883,-0.24579295246707905,0,0,35,71,1.896487993241411e-05,[57.61318499]
0,293,7,xc1 dx a1 a2 d1 d2 Ir,25,-3.0,0.1,-0.01,-0.02,0.5916901874674708,0.2,1.882869024957971,2.217813803888206,-1.0,0,0,47,55,0.22863455758482343,[62.07790821]
0,294,7,xc1 dx a1 a2 d1 d2 Ir,25,-3.0,0.1,-0.01,-0.02,0.5916901875509248,0.2,1.8707725810112794,2.204039433130612,-1.0,0,0,47,55,0.22863455758482232,[62.07790828]
0,295,7,xc1 dx a1 a2 d1 d2 Ir,25,1.958173149392096,0.14544124703945896,-0.01,-0.02,0.23633928583767383,0.9662747344580823,2.844439410982796,2.3319889676122285,-0.9657680064947333,0,0,71,58,3.11650583865651e-05,[53.40225062]
0,296,7,xc1 dx a1 a2 d1 d2 Ir,25,1.6061155724763991,0.3307166462211564,-0.01,-0.02,0.3558531146046214,0.40478381309074046,2.264034298863673,2.9408252175320424,-0.7251372808778469,0,0,57,74,2.9891251386330977e-05,[38.53557919]
0,297,7,xc1 dx a1 a2 d1 d2 Ir,25,-3.0,0.1,-0.01,-0.02,0.2,0.5615887959733372,1.6432859576290935,1.2216413184392856,-1.0,0,0,41,31,0.06576282662750908,[50.64152635]
0,298,7,xc1 dx a1 a2 d1 d2 Ir,25,-3.0,0.1,-0.01,-0.02,0.2,0.6993608544001283,2.469818008771655,1.9160093286857722,-1.0,0,0,62,48,0.7660358471754676,[68.3834949]
0,299,7,xc1 dx a1 a2 d1 d2 Ir,25,-3.0,0.1,-0.01,-0.02,0.2,0.3297300752202867,2.549468991116135,2.360622671680294,-1.0,0,0,64,59,0.6123662472235053,[69.6460771]
0,300,7,xc1 dx a1 a2 d1 d2 Ir,25,-3.0,0.1,-0.01,-0.02,0.2,0.9467955293271695,2.646318478837247,1.8468975957057356,-1.0,0,0,66,46,1.7143075175957654,[73.141504]
0,301,7,xc1 dx a1 a2 d1 d2 Ir,25,1.5869657209446664,0.40298669603406523,-0.01,-0.02,0.2530398899117645,0.23354979875422166,1.4720743887056895,2.336709940750059,-0.4934995956864741,0,0,37,58,4.815321084137117e-11,[55.99724111]
0,302,7,xc1 dx a1 a2 d1 d2 Ir,25,1.78222629223653,0.12464925886107145,-0.01,-0.02,0.37054407501564374,0.8263166522798563,1.3780265273537764,1.0750808921169979,-0.915748644285837,0,0,34,27,0.003108055671384718,[67.80222033]
0,303,7,xc1 dx a1 a2 d1 d2 Ir,25,-3.0,0.6400682103767885,-0.01,-0.02,0.2,1.0,2.8934871647228313,1.5173523659516857,-1.0,0,0,72,38,56.14051845840007,[87.49755823]
0,304,7,xc1 dx a1 a2 d1 d2 Ir,25,-3.0,0.1,-0.01,-0.02,0.2,0.2,1.4655315100187267,2.3371099936999116,-0.2400603948610263,0,0,37,58,1.1450538319707428,[60.66094716]
0,305,7,xc1 dx a1 a2 d1 d2 Ir,25,-3.0,0.1,-0.01,-0.02,0.2,0.2,1.3464393424409589,2.5518427602071636,-0.13837645834845,0,0,34,64,1.33278235935388,[63.85527993]
0,306,7,xc1 dx a1 a2 d1 d2 Ir,25,1.7724432558899947,0.35573611816839545,-0.01,-0.02,0.6016918335611653,0.2705819465313725,1.4174256237064522,2.4475731075297755,-0.5769405936173653,0,0,35,61,6.413733773403467e-13,[56.00031033]
0,307,7,xc1 dx a1 a2 d1 d2 Ir,25,-3.0,0.1,-0.01,-0.02,0.2,1.0,1.8524761390750224,1.0395156097651412,-1.0,0,0,46,26,0.3398632371722727,[58.26552972]
0,308,7,xc1 dx a1 a2 d1 d2 Ir,25,-3.0,0.1,-0.01,-0.02,0.2,0.2,1.5355765845795697,1.8718603894502808,-0.491804188581555,0,0,38,47,0.3271196398406293,[54.25494635]
0,309,7,xc1 dx a1 a2 d1 d2 Ir,25,-3.0,0.1,-0.01,-0.02,0.2,0.2,1.4070365314304738,2.456177439498405,-0.17476904781943936,0,0,35,61,1.1966950929507634,[62.1365509]
0,310,7,xc1 dx a1 a2 d1 d2 Ir,25,-0.9836957482567937,0.1,-0.01,-0.02,0.9563824112956639,0.2381957562404156,2.176487757244672,2.735428377033834,-0.9919763964695509,0,0,54,68,1.301220329395682e-11,[56.00116605]
0,311,7,xc1 dx a1 a2 d1 d2 Ir,25,2.0,0.1,-0.01,-0.02,0.2,1.0,2.9411235732593832,1.3091152501182386,-1.0,0,0,74,33,1208.9999478984873,[24.9529962]
0,312,7,xc1 dx a1 a2 d1 d2 Ir,25,2.0,0.1,-0.01,-0.02,0.2,1.0,2.941975239392249,1.3850320645584404,-1.0,0,0,74,35,1039.6544000648298,[24.02473259]
0,313,7,xc1 dx a1 a2 d1 d2 Ir,25,-3.0,0.1,-0.01,-0.02,0.2,0.2831345899835464,1.3856490230246523,1.2804417618088262,-0.9857443985717199,0,0,35,32,0.021691452839464036,[46.64917982]
0,314,7,xc1 dx a1 a2 d1 d2 Ir,25,-3.0,0.1,-0.01,-0.02,0.23040929675902674,0.2624150719929202,1.468463233132614,1.4153992743212451,-1.0,0,0,37,35,0.030819810857781797,[48.34058762]
0,315,7,xc1 dx a1 a2 d1 d2 Ir,25,2.0,0.1,-0.01,-0.02,0.2,0.2,1.0998782825290163,1.3112229815349812,-0.673771915822116,0,0,27,33,0.0301741871027871,[15.81218723]
0,316,7,xc1 dx a1 a2 d1 d2 Ir,25,-3.0,0.1,-0.01,-0.02,0.2629645681182309,0.2,2.6104469897002147,2.6277550287071803,-0.9424923088655187,0,0,65,66,1.5952733996987236,[76.41860847]
0,317,7,xc1 dx a1 a2 d1 d2 Ir,25,-3.0,0.1,-0.01,-0.02,0.5530924826909783,0.2,2.11373441587306,2.4113918017517966,-1.0,0,0,53,60,0.3939402999158611,[67.11197241]
0,318,7,xc1 dx a1 a2 d1 d2 Ir,25,1.3883039884367507,0.2210014861104038,-0.01,-0.02,0.3628234273848702,0.7752431323812632,2.244250444047328,2.3266146377392145,-0.8157968764742001,0,0,56,58,1.4427990550506502e-09,[35.9846311]
0,319,7,xc1 dx a1 a2 d1 d2 Ir,25,-3.0,0.1,-0.01,-0.02,0.22457177103188286,0.2,2.222675054963783,2.198793938755098,-1.0,0,0,56,55,0.3058887665934327,[61.73241375]
0,320,7,xc1 dx a1 a2 d1 d2 Ir,25,-3.0,0.1,-0.01,-0.02,0.2,0.8158264200565918,1.837446797963192,1.1808305493439877,-1.0,0,0,46,30,0.20521708451560153,[55.39731473]
0,321,7,xc1 dx a1 a2 d1 d2 Ir,25,-3.0,0.1,-0.01,-0.02,0.317918773213524,0.2,2.927291478542351,2.95986150571685,-1.0,0,0,73,74,1.247462931287795,[80.91037804]
0,322,7,xc1 dx a1 a2 d1 d2 Ir,25,1.7992023782119961,0.8740141266822976,-0.01,-0.02,0.47174019277861234,0.6204105167151628,1.5655843514077796,2.9830865199794836,-0.4077171370580569,0,0,39,75,3.897039423117301e-11,[55.9975613]
0,323,7,xc1 dx a1 a2 d1 d2 Ir,25,1.7424304521547613,0.46549051054032664,-0.01,-0.02,0.26131087007285664,0.8808468696783133,2.0863493228276186,2.3316833947604865,-0.6530713993252806,0,0,52,58,0.00010935511033212965,[49.91115902]
0,324,7,xc1 dx a1 a2 d1 d2 Ir,25,-3.0,0.1,-0.01,-0.02,0.2,0.2,2.0699534926564462,2.65857834135823,-0.4499932616635452,0,0,52,66,6.810185379872323,[69.97024288]
0,325,7,xc1 dx a1 a2 d1 d2 Ir,25,-3.0,0.2505124816295054,-0.01,-0.02,0.2,1.0,2.317203284415161,1.341323127679304,-1.0,0,0,58,34,3.9325789087782996,[71.89300829]
0,326,7,xc1 dx a1 a2 d1 d2 Ir,25,-3.0,1.0187983828735891,-0.01,-0.02,0.2,1.0,2.929040530939723,1.1948110114463173,-1.0,0,0,73,30,159.60842844488377,[3.23235885]
0,327,7,xc1 dx a1 a2 d1 d2 Ir,25,2.0,0.1,-0.01,-0.02,0.2,1.0,2.4765949864254306,1.294546175258541,-1.0,0,0,62,32,325.0575397941523,[32.08924612]
0,328,7,xc1 dx a1 a2 d1 d2 Ir,25,1.8266056898508551,0.29388762747072894,-0.01,-0.02,0.2092933810783859,0.958754102877251,2.4966154767078406,2.25552888870176,-0.8275381956544648,0,0,62,56,0.00013016320643806896,[48.75482343]
0,329,7,xc1 dx a1 a2 d1 d2 Ir,25,1.6206197166182732,0.9660145171252404,-0.01,-0.02,0.3426180738875036,0.9667417316002422,1.4071397318582604,2.577256248441757,-0.3214798863880177,0,0,35,64,2.5866600776321014e-11,[55.99816803]
0,330,7,xc1 dx a1 a2 d1 d2 Ir,25,1.572569228718478,0.6784812110113214,-0.01,-0.02,0.5940547167975643,0.7439422430600068,1.0324819286621145,2.2340039240269336,-0.3306459241888931,0,0,26,56,5.875621077910252e-12,[55.99903331]
0,331,7,xc1 dx a1 a2 d1 d2 Ir,25,1.7174734708354364,0.3793486326050869,-0.01,-0.02,0.2712710822376776,0.9679765735091744,2.2637916073715947,2.2964641224705566,-0.7495659578516433,0,0,57,57,0.00015152329883854964,[46.54151689]
0,332,7,xc1 dx a1 a2 d1 d2 Ir,25,-3.0,0.1,-0.01,-0.02,0.2,1.0,1.7854281243204728,1.0004192475136342,-1.0,0,0,45,25,0.3169339245331856,[59.44972076]
0,333,7,xc1 dx a1 a2 d1 d2 Ir,25,-3.0,0.1,-0.01,-0.02,0.2,0.5449862129250095,2.0754045179110365,1.6823102745369523,-1.0,0,0,52,42,0.2397097145780827,[58.74520073]
0,334,7,xc1 dx a1 a2 d1 d2 Ir,25,1.7206506138769984,0.28025059291843224,-0.01,-0.02,0.4119628153586751,0.9354869009831965,1.7194220239430942,1.6944120432982608,-0.7593648191626486,0,0,43,42,8.325330283276232e-13,[55.99963278]
0,335,7,xc1 dx a1 a2 d1 d2 Ir,25,-3.0,0.1,-0.01,-0.02,0.2,0.3708127729255341,2.514976856970714,2.2685633996152523,-1.0,0,0,63,57,0.5765409410185897,[68.68744125]
0,336,7,xc1 dx a1 a2 d1 d2 Ir,25,-3.0,0.1,-0.01,-0.02,0.2,0.2,1.7320899937749028,2.9628119579035714,-0.17691033132514877,0,0,43,74,7.323700079830739,[72.4621695]
0,337,7,xc1 dx a1 a2 d1 d2 Ir,25,-3.0,0.1,-0.01,-0.02,0.2,0.6728502711397168,2.058364024169954,1.504546103295904,-1.0,0,0,51,38,0.2630911164748645,[58.40087785]
0,338,7,xc1 dx a1 a2 d1 d2 Ir,25,-3.0,0.1,-0.01,-0.02,0.47110713605773885,0.2,2.207666219167778,2.47813927071524,-0.9021883286695647,0,0,55,62,1.3701524876408706,[72.44774454]
0,339,7,xc1 dx a1 a2 d1 d2 Ir,25,1.9217910212442355,0.3022337610067929,-0.01,-0.02,0.31227254469412424,0.3886098952491329,2.0004716758477636,2.4934882062540824,-0.7141072558857912,0,0,50,62,2.1062356072268068e-11,[55.99902359]
0,340,7,xc1 dx a1 a2 d1 d2 Ir,25,1.7524220165600928,0.1,-0.01,-0.02,0.6855094527313559,0.5811391470503399,1.2375787580984785,1.5519014474516375,-0.7991086770869562,0,0,31,39,1.8140565321815823e-10,[56.00057235]
0,341,7,xc1 dx a1 a2 d1 d2 Ir,25,-3.0,0.44648593799099306,-0.01,-0.02,0.2,1.0,2.6962297493409615,1.5204962140121847,-1.0,0,0,67,38,20.746058171112573,[81.45770449]
0,342,7,xc1 dx a1 a2 d1 d2 Ir,25,-1.634677907254917,0.10000277561815027,-0.01,-0.02,0.9999993033427547,0.43585339848514776,2.5068663670349918,2.9402777795407733,-0.9994215361482236,0,0,63,74,2.086184628074738e-09,[35.98158271]
0,343,7,xc1 dx a1 a2 d1 d2 Ir,25,1.4765003258395342,0.3618225925918544,-0.01,-0.02,0.3263255930158508,0.2692361801298254,1.1838685266134024,2.0418248671259756,-0.44244357415818586,0,0,30,51,2.211867384416908e-12,[56.00045765]
0,344,7,xc1 dx a1 a2 d1 d2 Ir,25,-3.0,0.1,-0.01,-0.02,0.2,0.6081552061674451,2.8463076799041347,2.3602820009130165,-1.0,0,0,71,59,1.2519057942336738,[76.87876289]
0,345,7,xc1 dx a1 a2 d1 d2 Ir,25,1.2052053920167234,0.6678269399599728,-0.01,-0.02,0.24607471357137434,0.6608318045636972,1.7354988558675217,2.912023419875992,-0.4216745300653863,0,0,43,73,1.2831097226057126e-08,[35.95423785]
0,346,7,xc1 dx a1 a2 d1 d2 Ir,25,-3.0,0.1,-0.01,-0.02,0.2,0.6948498116629354,2.645964537755503,2.0605976810653233,-1.0,0,0,66,52,1.0261768525153638,[72.23750508]
0,347,7,xc1 dx a1 a2 d1 d2 Ir,25,-3.0,0.1,-0.01,-0.02,1.0,0.6708154298796261,2.4746022111095125,2.736333494320732,-1.0,0,0,62,68,0.650462120550174,[88.24954656]
0,348,7,xc1 dx a1 a2 d1 d2 Ir,25,2.0,0.1,-0.01,-0.02,0.2,1.0,2.69404340331232,1.178191580795044,-1.0,0,0,67,29,840.2631862670138,[30.30807155]
0,349,7,xc1 dx a1 a2 d1 d2 Ir,25,-3.0,0.1,-0.01,-0.02,0.2,0.7074515468881247,2.2499246789073464,1.6656399149182062,-1.0,0,0,56,42,0.4618662884772237,[62.82941839]
0,350,7,xc1 dx a1 a2 d1 d2 Ir,25,1.8796986319277043,0.6897521799986691,-0.01,-0.02,0.30216667334038183,0.923411920901985,2.302818467541612,2.9525909611194274,-0.6137331320785447,0,0,58,74,0.00014453890533299205,[47.61813348]
0,351,7,xc1 dx a1 a2 d1 d2 Ir,25,2.0,0.1,-0.01,-0.02,0.2,1.0,2.9974558759687993,1.5913210305465548,-1.0,0,0,75,40,730.2451827679282,[21.46710261]
0,352,7,xc1 dx a1 a2 d1 d2 Ir,25,1.6058291563738845,1.1239046492714542,-0.01,-0.02,0.3902458040364061,0.7621198417047912,1.2780233262492562,2.9912940888903536,-0.2647385841264793,0,0,32,75,1.5374944158112092e-10,[55.99659437]
0,353,7,xc1 dx a1 a2 d1 d2 Ir,25,-3.0,0.1,-0.01,-0.02,0.2,0.7733212267004198,1.8052139811162506,1.2090080790193163,-1.0,0,0,45,30,0.16520689629641291,[54.43578572]
0,354,7,xc1 dx a1 a2 d1 d2 Ir,25,-3.0,0.6841442411695803,-0.01,-0.02,0.2,1.0,2.2728956811276437,1.0036820040011072,-1.0,0,0,57,25,21.38537940570944,[76.33577431]
0,355,7,xc1 dx a1 a2 d1 d2 Ir,25,-3.0,0.1,-0.01,-0.02,0.22205396559090587,0.2,2.1148163915916576,2.0689814384340206,-1.0,0,0,53,52,0.22400888302140284,[58.89016516]
0,356,7,xc1 dx a1 a2 d1 d2 Ir,25,1.677675549177001,0.37370611353548305,-0.01,-0.02,0.35020918983796623,0.8151300165687285,1.8940975148719432,2.11194673786562,-0.6750327157186523,0,0,47,53,0.00010521888348650613,[50.11293963]
0,357,7,xc1 dx a1 a2 d1 d2 Ir,25,1.5939820357372134,0.45618804474067065,-0.01,-0.02,0.20005095735497705,0.5816057624143179,1.5401093683015383,2.076699790815529,-0.48497753908576585,0,0,39,52,6.464468212501297e-10,[56.01023113]
0,358,7,xc1 dx a1 a2 d1 d2 Ir,25,1.4774693447188354,0.10000820562616385,-0.01,-0.02,0.4320883833948888,0.7550637146032375,1.3770010175757748,1.1908093404171038,-0.9118244739924534,0,0,34,30,9.154909035159941e-11,[56.00361183]
0,359,7,xc1 dx a1 a2 d1 d2 Ir,25,-3.0,0.1,-0.01,-0.02,0.4063790407896996,0.2,1.590803500282705,1.8348169445776839,-0.8593136764513525,0,0,40,46,0.18892644501780537,[55.40727206]
0,360,7,xc1 dx a1 a2 d1 d2 Ir,25,1.4868592294829441,0.15428656677486888,-0.01,-0.02,0.3317100362627547,0.7346319648621069,1.4143283021203454,1.2898180268334096,-0.799796340295339,0,0,35,32,7.587315033958326e-11,[55.99647386]
0,361,7,xc1 dx a1 a2 d1 d2 Ir,25,1.9123105708782329,0.2632775285179669,-0.01,-0.02,0.3669878255451304,0.8282760686082239,2.7880317273639807,2.8533565167011146,-0.8594426176634266,0,0,70,71,9.607258529719896e-05,[41.46039417]
0,362,7,xc1 dx a1 a2 d1 d2 Ir,25,1.533345627242981,0.6232014851431942,-0.01,-0.02,0.43076861045780307,0.8253909524400669,1.4876082168024154,2.3069375210807315,-0.45572496592516776,0,0,37,58,0.00011436159978799848,[49.65784257]
0,363,7,xc1 dx a1 a2 d1 d2 Ir,25,1.440329092828586,1.0752177497906037,-0.01,-0.02,0.20312651961221675,0.7531416218043077,1.1660796035574215,2.7156217793380124,-0.18936494736259918,0,0,29,68,4.5944723308620134e-11,[55.99726656]
0,364,7,xc1 dx a1 a2 d1 d2 Ir,25,1.627424335302556,0.17731293155948497,-0.01,-0.02,0.5590711078758959,0.8057930786694718,1.358671536065576,1.4590988033126213,-0.7827398603225827,0,0,34,36,7.321104523174539e-11,[56.00342528]
0,365,7,xc1 dx a1 a2 d1 d2 Ir,25,1.4962728840197737,0.5886481537502997,-0.01,-0.02,0.21969084237427627,0.9865973460879025,1.3868894205696787,1.775087424780306,-0.41148509246354537,0,0,35,44,2.330956374975052e-11,[55.99805188]
0,366,7,xc1 dx a1 a2 d1 d2 Ir,25,-3.0,0.1,-0.01,-0.02,0.2,0.830426259880915,2.3684773799277212,1.680926019396873,-1.0,0,0,59,42,0.774014223556,[66.08871533]
0,367,7,xc1 dx a1 a2 d1 d2 Ir,25,-3.0,0.1,-0.01,-0.02,0.560366759286317,0.2,2.6735933623331043,2.977841186978851,-1.0,0,0,67,74,1.0545532271188243,[81.41952341]
0,368,7,xc1 dx a1 a2 d1 d2 Ir,25,1.6908343766192226,0.9625783546832595,-0.01,-0.02,0.2401164118110576,0.9947111120030437,1.2056480270024326,2.219703713013044,-0.2323349542610173,0,0,30,55,0.0013655860714534074,[65.78058526]
0,369,7,xc1 dx a1 a2 d1 d2 Ir,25,1.3952164057502172,0.19795620494853627,-0.01,-0.02,0.2,0.9274712944401944,1.4781596603047502,1.0636719765418396,-0.8256860929181571,0,0,37,27,5.330920444727222e-11,[55.99707086]
0,370,7,xc1 dx a1 a2 d1 d2 Ir,25,1.4762546376255232,0.44391546094877665,-0.01,-0.02,0.5588121774489796,0.27194144773286794,1.5587369451674622,2.832896114670742,-0.5448665629756566,0,0,39,71,0.00010843288241335108,[42.04331128]
0,371,7,xc1 dx a1 a2 d1 d2 Ir,25,-3.0,0.5830645914010263,-0.01,-0.02,0.2,1.0,2.9574274605549133,1.6340729564221146,-1.0,0,0,74,41,52.0621823153337,[88.37181939]
0,372,7,xc1 dx a1 a2 d1 d2 Ir,25,-3.0,0.1,-0.01,-0.02,0.6361236543433142,0.2,2.0603688241345237,2.4243124856263307,-1.0,0,0,52,61,0.37697908091561777,[68.31144992]
0,373,7,xc1 dx a1 a2 d1 d2 Ir,25,-3.0,0.1,-0.01,-0.02,0.2,0.2,1.3874836451215187,2.225042173333067,-0.2279357241755201,0,0,35,56,0.7660049714161309,[59.0167146]
0,374,7,xc1 dx a1 a2 d1 d2 Ir,25,-3.0,0.1,-0.01,-0.02,0.2,0.40682977759038247,2.745815377397825,2.4855248023117187,-1.0,0,0,69,62,0.9156377933655443,[74.7079713]
0,375,7,xc1 dx a1 a2 d1 d2 Ir,25,-3.0,0.1,-0.01,-0.02,0.2,0.2,1.5310618457103176,2.0396006749976534,-0.38466727239903775,0,0,38,51,0.5752909752144576,[56.60889572]
0,376,7,xc1 dx a1 a2 d1 d2 Ir,25,1.8043694768601528,0.2607978932620766,-0.01,-0.02,0.23342627885192463,0.8768626150257091,2.0423918232483134,1.8513974903253707,-0.7935111978231538,0,0,51,46,6.078181453560606e-11,[56.0031547]
0,377,7,xc1 dx a1 a2 d1 d2 Ir,25,-3.0,0.1,-0.01,-0.02,0.2,0.2874068065729241,2.6682818214099493,2.507718965699681,-1.0,0,0,67,63,0.7558883167344778,[72.62530663]
0,378,7,xc1 dx a1 a2 d1 d2 Ir,25,-3.0,0.1,-0.01,-0.02,0.2,0.7424941125103566,2.443090311301687,1.8538070590724567,-1.0,0,0,61,46,0.7636837689676813,[67.57963709]
0,379,7,xc1 dx a1 a2 d1 d2 Ir,25,-3.0,0.1,-0.01,-0.02,0.31678289307037744,0.2,2.8307792230436064,2.8816927867167426,-1.0,0,0,71,72,1.1208101023562915,[79.02924159]
0,380,7,xc1 dx a1 a2 d1 d2 Ir,25,2.0,0.1,-0.01,-0.02,0.2,1.0,2.686916960147125,1.8753636363906843,-1.0,0,0,67,47,22.07172311233646,[32.63594925]
0,381,7,xc1 dx a1 a2 d1 d2 Ir,25,-3.0,0.1,-0.01,-0.02,0.21463423542442953,0.2931381644807148,1.567431474548494,1.426136566424582,-0.9867643509632513,0,0,39,36,0.04241714044951055,[49.21476175]
0,382,7,xc1 dx a1 a2 d1 d2 Ir,25,-3.0,0.1,-0.01,-0.02,0.2,0.2,1.6722297308134542,2.547018213005295,-0.25732591848743364,0,0,42,64,3.1669675043605827,[65.69950012]
0,383,7,xc1 dx a1 a2 d1 d2 Ir,25,1.4806243548246993,0.47393283240978407,-0.01,-0.02,0.2323004059815636,0.8749489251535089,2.564710641633045,2.9993064756526513,-0.6907884995102039,0,0,64,75,2.5938125222529792e-05,[34.11514478]
0,384,7,xc1 dx a1 a2 d1 d2 Ir,25,-3.0,0.1,-0.01,-0.02,0.31735572944057894,0.2,2.8719785366185535,2.91487065903004,-1.0,0,0,72,73,1.183843540384253,[79.98006955]
0,385,7,xc1 dx a1 a2 d1 d2 Ir,25,2.0,0.1,-0.01,-0.02,0.2,1.0,2.8482965734698276,1.4085847373651557,-1.0,0,0,71,35,767.835995327442,[25.48501185]
0,386,7,xc1 dx a1 a2 d1 d2 Ir,25,2.0,0.1,-0.01,-0.02,0.2,1.0,2.964842938273689,1.0513330965284564,-1.0,0,0,74,26,1820.8276847908471,[28.36362311]
0,387,7,xc1 dx a1 a2 d1 d2 Ir,25,-3.0,0.1,-0.01,-0.02,0.3720584474040077,0.2,1.3835720475233206,1.535399340200812,-1.0,0,0,35,38,0.03488336156142114,[47.87262966]
0,388,7,xc1 dx a1 a2 d1 d2 Ir,25,1.4159497607835085,0.1630377116331721,-0.01,-0.02,0.2582405142446569,0.7583950929275304,1.3600382905794965,1.1652277625062815,-0.7804821545557645,0,0,34,29,5.429470468515695e-11,[55.99726518]
0,389,7,xc1 dx a1 a2 d1 d2 Ir,25,1.6355660588949756,0.5074399343438707,-0.01,-0.02,0.38574009079255817,0.8287373671951986,1.4376256353178314,1.9432619023107525,-0.492431882168546,0,0,36,49,1.3500245776213473e-06,[56.4598254]
0,390,7,xc1 dx a1 a2 d1 d2 Ir,25,-3.0,0.1,-0.01,-0.02,0.2,0.9798828889417024,2.8915228191550386,2.0258277126226254,-1.0,0,0,72,51,2.652036753900041,[78.75309747]
0,391,7,xc1 dx a1 a2 d1 d2 Ir,25,1.7690303007327628,0.8697337857348006,-0.01,-0.02,0.6650325270860131,0.717723520851119,1.294163304014815,2.8394317252102343,-0.3703306818137035,0,0,32,71,6.564421378657669e-10,[55.98961984]
0,392,7,xc1 dx a1 a2 d1 d2 Ir,25,-3.0,0.6997532890391124,-0.01,-0.02,0.2,1.0,2.792079086124562,1.409731827506925,-1.0,0,0,70,35,59.752518887346504,[86.6830907]
0,393,7,xc1 dx a1 a2 d1 d2 Ir,25,-3.0,0.1,-0.01,-0.02,0.2,0.8102549698423547,1.9170774305623772,1.2736898668536558,-1.0,0,0,48,32,0.2536109475621953,[56.79949579]
0,394,7,xc1 dx a1 a2 d1 d2 Ir,25,1.5733387560213195,0.186220956567772,-0.01,-0.02,0.33756357095000883,0.8860513604699782,1.6578326279311448,1.3824494954991442,-0.845598997241982,0,0,41,35,4.04271279516963e-11,[56.00224614]
0,395,7,xc1 dx a1 a2 d1 d2 Ir,25,1.6936629338198046,0.23618649504904582,-0.01,-0.02,0.5811693025566393,0.481000663514041,2.332736784295432,2.977116936807613,-0.8032512973092428,0,0,58,74,1.2269434139642311e-10,[36.00197485]
0,396,7,xc1 dx a1 a2 d1 d2 Ir,25,-3.0,0.1,-0.01,-0.02,0.2,0.26452480019656155,1.8402051937817308,1.737461698370203,-1.0,0,0,46,43,0.09572645841053438,[53.30190091]
0,397,7,xc1 dx a1 a2 d1 d2 Ir,25,-3.0,0.1,-0.01,-0.02,0.2,0.2,1.5529031691761572,2.6282958409693404,-0.18754323461595632,0,0,39,66,2.7967800823912934,[66.25950626]
0,398,7,xc1 dx a1 a2 d1 d2 Ir,25,1.9995164811049408,0.2988166074799995,-0.01,-0.02,0.25926966549013275,0.8857499434486925,2.436257245698396,2.302588523396487,-0.8148620143900598,0,0,61,58,4.6388973762454626e-05,[52.69594293]
0,399,7,xc1 dx a1 a2 d1 d2 Ir,25,-3.0,0.1,-0.01,-0.02,0.21940372461641722,0.3291791550339539,1.3130438280330454,1.1802780558765607,-0.935083846389683,0,0,33,30,0.02075867510285355,[47.19418851]
0,400,7,xc1 dx a1 a2 d1 d2 Ir,25,-3.0,0.1,-0.01,-0.02,0.2,0.7804863277524904,2.5590590205454795,1.9167606891884346,-1.0,0,0,64,48,1.0364127597539694,[70.57391771]
0,401,7,xc1 dx a1 a2 d1 d2 Ir,25,-3.0,0.1,-0.01,-0.02,0.2,0.948518713594293,2.5877114377568864,1.784756801754406,-1.0,0,0,65,45,1.608756104444807,[72.21891125]
0,402,7,xc1 dx a1 a2 d1 d2 Ir,25,1.8188836202255578,0.16808035159552084,-0.01,-0.02,0.3293095380074917,0.8742924496054776,2.099065414899453,1.8181560719613594,-0.8993435738059895,0,0,52,45,3.741900065660678e-11,[55.99764341]
0,403,7,xc1 dx a1 a2 d1 d2 Ir,25,-3.0,0.1,-0.01,-0.02,0.2,0.6458070517288822,2.981296387339781,2.465323145761781,-1.0,0,0,75,62,1.6368785991367993,[80.59439544]
0,404,7,xc1 dx a1 a2 d1 d2 Ir,25,-3.0,0.1,-0.01,-0.02,0.2,0.6666626643997653,2.1935017272119173,1.6654748340540542,-1.0,0,0,55,42,0.3904770759678403,[61.77718842]
0,405,7,xc1 dx a1 a2 d1 d2 Ir,25,-3.0,0.1,-0.01,-0.02,0.2,0.5706397298028727,2.68156621887842,2.225359120534825,-1.0,0,0,67,56,0.9240708348276646,[72.94608619]
0,406,7,xc1 dx a1 a2 d1 d2 Ir,25,-3.0,0.1,-0.01,-0.02,0.2,0.3228905649785525,1.2263966224107603,1.0762432378494484,-1.0,0,0,31,27,0.010785952428539882,[43.95914169]
0,407,7,xc1 dx a1 a2 d1 d2 Ir,25,1.7569540074589813,0.1186787525133558,-0.01,-0.02,0.9095507444615364,0.47522112990963455,1.7322414163456537,2.4960816421859997,-0.8020126525886803,0,0,43,62,3.808292002825099e-11,[36.00247162]
0,408,7,xc1 dx a1 a2 d1 d2 Ir,25,1.8693195083693461,0.2096880934525785,-0.01,-0.02,0.29213217342828685,0.9087492454557514,2.1408810927679984,1.8707798347262734,-0.868632532156392,0,0,54,47,3.37109011136679e-11,[56.00037971]
0,409,7,xc1 dx a1 a2 d1 d2 Ir,25,1.8680453703126358,0.24893520346570044,-0.01,-0.02,0.2,0.9937872475916526,2.2683800473846536,1.866432635099212,-0.8576461453780737,0,0,57,47,5.472466779837011e-10,[56.00946049]
0,410,7,xc1 dx a1 a2 d1 d2 Ir,25,-3.0,0.1,-0.01,-0.02,0.2,0.7283674931483929,2.9778772041303556,2.3431594477661726,-1.0,0,0,74,59,1.7612599547910026,[79.82739451]
0,411,7,xc1 dx a1 a2 d1 d2 Ir,25,-3.0,0.24754360134260933,-0.01,-0.02,0.2,1.0,2.788562766842697,1.8053585438703994,-1.0,0,0,70,45,9.276584609713865,[82.45590717]
0,412,7,xc1 dx a1 a2 d1 d2 Ir,25,2.0,0.1,-0.01,-0.02,0.2,0.27897935305393057,1.2286556854525124,1.3835487151870218,-0.7104810081720762,0,0,31,35,0.055980297316815655,[7.26201052]
0,413,7,xc1 dx a1 a2 d1 d2 Ir,25,2.0,0.1,-0.01,-0.02,0.2,1.0,2.414050888128526,1.5851846959729365,-1.0,0,0,60,40,20.12580748165797,[37.57986617]
0,414,7,xc1 dx a1 a2 d1 d2 Ir,25,-3.0,0.1,-0.01,-0.02,0.28985445532720555,0.2,1.4680011811171512,1.5384087010249443,-1.0,0,0,37,38,0.03668733791989712,[47.85702748]
0,415,7,xc1 dx a1 a2 d1 d2 Ir,25,1.5326779336465464,0.34112033936805347,-0.01,-0.02,0.3703809928610625,0.7022455396429369,2.119707567993678,2.5286348929168243,-0.7122102468093455,0,0,53,63,5.552365092248112e-05,[39.70347591]
0,416,7,xc1 dx a1 a2 d1 d2 Ir,25,-3.0,0.13059311196274953,-0.01,-0.02,0.2,1.0,2.466133722489805,1.5864469484787098,-1.0,0,0,62,40,2.2322323646080378,[74.82118648]
0,417,7,xc1 dx a1 a2 d1 d2 Ir,25,1.8508493314034498,0.47057124301425707,-0.01,-0.02,0.43426918753046223,0.7311823968370722,1.775818247883886,2.32529082750298,-0.6012304684504591,0,0,44,58,7.1429416135915145e-12,[55.99893057]
0,418,7,xc1 dx a1 a2 d1 d2 Ir,25,1.8280007888731153,0.344054771636957,-0.01,-0.02,0.6122918552447082,0.20843058163375927,1.4674341868609049,2.563249006487707,-0.6079264307218459,0,0,37,64,2.8403208276609743e-11,[55.99805247]
0,419,7,xc1 dx a1 a2 d1 d2 Ir,25,2.0,0.1,-0.01,-0.02,0.2,1.0,2.4330178129036986,1.1635838254785098,-1.0,0,0,61,29,405.1484101693238,[33.9086876]
0,420,7,xc1 dx a1 a2 d1 d2 Ir,25,-3.0,0.1,-0.01,-0.02,0.2671912928474999,0.2,2.3273686271591316,2.3127600567675826,-1.0,0,0,58,58,0.4041655798229714,[64.72826827]
0,421,7,xc1 dx a1 a2 d1 d2 Ir,25,1.7141386923598945,0.19363985894322933,-0.01,-0.02,0.29040962941721404,0.918705956914768,1.9769386988828057,1.6488252658772486,-0.8750607796178047,0,0,49,41,5.013250622457883e-11,[56.00275656]
0,422,7,xc1 dx a1 a2 d1 d2 Ir,25,1.7258282368918008,0.13332221659615914,-0.01,-0.02,0.2,1.0,2.2405186473735386,1.6048965724393178,-1.0,0,0,56,40,0.0003406126061873049,[61.77273271]
0,423,7,xc1 dx a1 a2 d1 d2 Ir,25,-1.6057878651777908,0.10310987576587023,-0.01,-0.02,0.9991815761650984,0.3928007412003935,2.416288384359248,2.8639277147469837,-0.9979461664248478,0,0,60,72,4.2810364543136646e-12,[36.00010654]
0,424,7,xc1 dx a1 a2 d1 d2 Ir,25,-3.0,0.1,-0.01,-0.02,0.2,0.7018634635778576,2.380079815420115,1.8273313055804705,-1.0,0,0,60,46,0.6529195000791287,[66.48878253]
0,425,7,xc1 dx a1 a2 d1 d2 Ir,25,-3.0,0.1,-0.01,-0.02,0.2,0.4933481010567192,2.468082052533874,2.103122625106522,-1.0,0,0,62,53,0.5818469952944225,[67.87356736]
0,426,7,xc1 dx a1 a2 d1 d2 Ir,25,-3.0,0.5894479276454505,-0.01,-0.02,0.2,1.0,2.918233634882431,1.6107684145608754,-1.0,0,0,73,40,50.4233965795131,[87.70111996]
0,427,7,xc1 dx a1 a2 d1 d2 Ir,25,-3.0,0.1,-0.01,-0.02,0.2,0.2,1.5864189429798463,2.3478136017896407,-0.2861091251452168,0,0,40,59,1.666122916266748,[61.9614494]
0,428,7,xc1 dx a1 a2 d1 d2 Ir,25,-2.338114232049437,0.1,-0.01,-0.02,0.5887571226009917,0.528558100918657,1.5015063869679137,1.5208834639663515,-0.9851200085752277,0,0,38,38,0.5599308041630231,[78.8955972]
0,429,7,xc1 dx a1 a2 d1 d2 Ir,25,-3.0,0.1,-0.01,-0.02,0.2136698572028677,0.7770846611983904,1.9737682847478155,1.3491738889095133,-1.0,0,0,49,34,0.2719374985354161,[57.87205877]
0,430,7,xc1 dx a1 a2 d1 d2 Ir,25,-3.0,0.1,-0.01,-0.02,0.2,0.2,1.6398386324687693,2.6365831928187085,-0.21767473091903441,0,0,41,66,3.422658786158089,[66.75532806]
0,431,7,xc1 dx a1 a2 d1 d2 Ir,25,1.4199664722026333,0.4573267737522504,-0.01,-0.02,0.4032370429164499,0.5554643289522307,1.0033694456991542,1.8556840364300304,-0.34370794400518395,0,0,25,46,2.760666060469021e-11,[55.99787831]
0,432,7,xc1 dx a1 a2 d1 d2 Ir,25,1.7134209769259168,0.40240347430533546,-0.01,-0.02,0.2007143752908784,0.34011329535834073,1.7731017093987695,2.411656854977351,-0.5669772988370565,0,0,44,60,7.241097526093985e-11,[56.00344377]
0,433,7,xc1 dx a1 a2 d1 d2 Ir,25,-3.0,0.1,-0.01,-0.02,0.3973606489065455,0.2,2.7786408112355354,2.8868596396098436,-1.0,0,0,69,72,1.082463050093085,[79.14266535]
0,434,7,xc1 dx a1 a2 d1 d2 Ir,25,1.484758018931093,0.32151014011312307,-0.01,-0.02,0.4790612352344225,0.3133217244305003,1.0411720448687392,1.9169440526049937,-0.4518637046197562,0,0,26,48,4.205347782869438e-12,[56.00082534]
0,435,7,xc1 dx a1 a2 d1 d2 Ir,25,1.521358962530633,0.8527140359985579,-0.01,-0.02,0.4446838835999169,0.9658473558838043,1.1040350729933752,2.227000798164857,-0.2876965915642912,0,0,28,56,2.677402547368334e-10,[55.99339661]
0,436,7,xc1 dx a1 a2 d1 d2 Ir,25,1.5727384117896417,0.4330950258311233,-0.01,-0.02,0.2256984226555063,0.30659868303866533,1.4832601778676828,2.297024698527627,-0.4687893536502751,0,0,37,57,7.462042562284715e-12,[56.00109868]
0,437,7,xc1 dx a1 a2 d1 d2 Ir,25,-3.0,0.3618168833622042,-0.01,-0.02,0.2,1.0,2.985349658892834,1.8918628785941052,-1.0,0,0,75,47,22.723716083350926,[87.22303948]
0,438,7,xc1 dx a1 a2 d1 d2 Ir,25,1.5968297073905788,0.34792716459360307,-0.01,-0.02,0.20281952562089905,0.2715054234959368,1.5707154652309865,2.183632395226441,-0.5407312284655418,0,0,39,55,9.910173201104565e-13,[55.99959974]
0,439,7,xc1 dx a1 a2 d1 d2 Ir,25,-3.0,0.1,-0.01,-0.02,0.2,0.491628274951414,2.543588984953414,2.2073806664065803,-1.0,0,0,64,55,0.681898027650538,[69.84651527]
0,440,7,xc1 dx a1 a2 d1 d2 Ir,25,-3.0,0.1,-0.01,-0.02,0.2,0.44332134612031193,1.4142452061237107,1.120670725784145,-1.0,0,0,35,28,0.02341358985089874,[46.57973029]
0,441,7,xc1 dx a1 a2 d1 d2 Ir,25,1.9558307405295408,0.355457529013078,-0.01,-0.02,0.3895689489671937,0.32083763616382954,1.9411762024480652,2.66078445640665,-0.6838972517616011,0,0,49,67,1.010396031320584e-11,[56.0004405]
0,442,7,xc1 dx a1 a2 d1 d2 Ir,25,-3.0,0.1,-0.01,-0.02,0.2,0.852544953270741,1.9506997672228703,1.2868506134860604,-1.0,0,0,49,32,0.3128998453104464,[57.81060888]
0,443,7,xc1 dx a1 a2 d1 d2 Ir,25,-3.0,0.1,-0.01,-0.02,0.2501741546291093,0.2,1.577335105963946,1.5571030561043073,-1.0,0,0,39,39,0.043172877787943695,[48.5137984]
0,444,7,xc1 dx a1 a2 d1 d2 Ir,25,-3.0,0.1,-0.01,-0.02,0.2,0.3312251502906885,2.4852793740330177,2.267731605490214,-1.0,0,0,62,57,0.5206312808505867,[67.65042345]
0,445,7,xc1 dx a1 a2 d1 d2 Ir,25,-3.0,0.20497891027513482,-0.01,-0.02,0.2,1.0,2.7798007467010235,1.8095826444550211,-1.0,0,0,69,45,6.575037567356793,[81.37823561]
0,446,7,xc1 dx a1 a2 d1 d2 Ir,25,1.4508557004587288,0.18349879559096804,-0.01,-0.02,0.20001356710439955,0.7127073102746645,1.4301521209996106,1.2796698028426308,-0.7305730271002319,0,0,36,32,7.994299557396301e-11,[55.99641441]
0,447,7,xc1 dx a1 a2 d1 d2 Ir,25,-3.0,0.1,-0.01,-0.02,0.2,0.6220909723227369,2.279948877186274,1.7893368888116123,-1.0,0,0,57,45,0.4393023394705765,[63.42227022]
0,448,7,xc1 dx a1 a2 d1 d2 Ir,25,-3.0,0.1,-0.01,-0.02,0.2,0.6259853815518319,2.1672856144564108,1.6908446018031622,-1.0,0,0,54,42,0.33095399329918174,[60.7447283]
0,449,7,xc1 dx a1 a2 d1 d2 Ir,25,-3.0,0.1,-0.01,-0.02,0.2,0.8842215938599941,2.1603205797319642,1.4271595103684414,-1.0,0,0,54,36,0.5597843242956417,[61.98699609]
0,450,7,xc1 dx a1 a2 d1 d2 Ir,25,-3.0,0.1,-0.01,-0.02,0.3179187742954356,0.2,2.915513650470738,2.966149793761073,-1.0,0,0,73,74,1.2474629312877847,[80.91037863]
0,451,7,xc1 dx a1 a2 d1 d2 Ir,25,-3.0,0.1,-0.01,-0.02,0.2,0.2,1.189849986612924,2.55543211285782,-0.1,0,0,30,64,0.7581012777046038,[61.96149501]
0,452,7,xc1 dx a1 a2 d1 d2 Ir,25,1.5946638914969682,0.4005899666478604,-0.01,-0.02,0.580083634657508,0.24056216571716063,1.6215749545033347,2.831832423508375,-0.596840209227397,0,0,41,71,0.00014412052065292582,[44.33874059]
0,453,7,xc1 dx a1 a2 d1 d2 Ir,25,-3.0,0.1,-0.01,-0.02,0.598272957949505,0.2,2.394359215119053,2.7093640793408076,-1.0,0,0,60,68,0.6967660819669474,[75.59633067]
0,454,7,xc1 dx a1 a2 d1 d2 Ir,25,-3.0,0.1,-0.01,-0.02,0.2,0.2,1.5258801046679202,2.0894100398999234,-0.36264709667873046,0,0,38,52,0.6524974389185318,[57.20322525]
0,455,7,xc1 dx a1 a2 d1 d2 Ir,25,2.0,0.1,-0.01,-0.02,0.2,1.0,2.2580855437182676,1.4646676140231898,-1.0,0,0,56,37,8.819280512783385,[44.92222555]
0,456,7,xc1 dx a1 a2 d1 d2 Ir,25,1.8784115460919413,0.3745011499924301,-0.01,-0.02,0.27036776370081167,0.9599357388029109,2.2962994432500476,2.234810094995612,-0.7565897691399524,0,0,57,56,7.060813942501672e-05,[51.65158858]
0,457,7,xc1 dx a1 a2 d1 d2 Ir,25,2.0,0.5919680239236397,-0.01,-0.02,0.23104749647327616,0.9298104702696636,2.298608391711545,2.611476888376478,-0.6358098032607028,0,0,57,65,9.478830263217506e-06,[54.66389242]
0,458,7,xc1 dx a1 a2 d1 d2 Ir,25,-3.0,0.1,-0.01,-0.02,0.5932533848321477,0.2,2.0164321756733887,2.321240819763675,-1.0,0,0,50,58,0.30810408646968446,[65.10933637]
0,459,7,xc1 dx a1 a2 d1 d2 Ir,25,2.0,0.1,-0.01,-0.02,0.2,1.0,2.4890772553849185,1.3440914736300635,-1.0,0,0,62,34,240.73926882172765,[31.48012605]
0,460,7,xc1 dx a1 a2 d1 d2 Ir,25,-3.0,0.9112121482700988,-0.01,-0.02,0.2,1.0,2.5029364723926557,1.0086567098439778,-1.0,0,0,63,25,64.43507731698026,[84.42050215]
0,461,7,xc1 dx a1 a2 d1 d2 Ir,25,1.9854734000235499,0.1259851888359106,-0.01,-0.02,0.2,1.0,2.8925941648967113,2.250311521967153,-0.9909590233887264,0,0,72,56,0.00010086320458882453,[59.46234719]
0,462,7,xc1 dx a1 a2 d1 d2 Ir,25,-3.0,1.1561976489797798,-0.01,-0.02,0.2,1.0,2.8968371329224354,1.0525014414593146,-1.0,0,0,72,26,202.27542660068718,[4.84451832]
0,463,7,xc1 dx a1 a2 d1 d2 Ir,25,-3.0,0.1,-0.01,-0.02,0.23269089334382909,0.2,2.6930608781210443,2.6278230328228185,-1.0,0,0,67,66,0.782239398293859,[72.94350987]
0,464,7,xc1 dx a1 a2 d1 d2 Ir,25,-3.0,0.1,-0.01,-0.02,0.2,0.39524144003841105,1.558180340401193,1.3298943177733609,-1.0,0,0,39,33,0.04051952548970512,[48.75194565]
0,465,7,xc1 dx a1 a2 d1 d2 Ir,25,-3.0,0.1,-0.01,-0.02,0.2,0.2,1.4541637421857803,2.105926823285289,-0.29270434687534264,0,0,36,53,0.6220829364323518,[57.40950088]
0,466,7,xc1 dx a1 a2 d1 d2 Ir,25,1.436720024306861,0.3570682806666963,-0.01,-0.02,0.33592529520888287,0.9999842137518614,1.2986750441383834,1.2668408338105548,-0.5855911440060391,0,0,32,32,7.429668986311771e-10,[56.00943923]
0,467,7,xc1 dx a1 a2 d1 d2 Ir,25,-3.0,0.1,-0.01,-0.02,0.2000197655980231,0.6812306172182829,2.107041297513369,1.607482043174758,-0.9807961775167247,0,0,53,40,0.3825924380974816,[61.78237342]
0,468,7,xc1 dx a1 a2 d1 d2 Ir,25,1.9676795307648174,0.1692082314892816,-0.01,-0.02,0.2031421680322075,0.9615785922170876,2.2865241608212745,1.7640802137715972,-0.9313432613996241,0,0,57,44,0.0004299895086131677,[61.74318955]
0,469,7,xc1 dx a1 a2 d1 d2 Ir,25,-3.0,0.46177836288081087,-0.01,-0.02,0.2,1.0,2.304945752880764,1.187945049156361,-1.0,0,0,58,30,10.982005303497909,[74.06457844]
0,470,7,xc1 dx a1 a2 d1 d2 Ir,25,-3.0,0.1,-0.01,-0.02,0.3597968606342439,0.20000012384256385,2.306073231687772,2.4590464305863913,-0.9606077506328552,0,0,58,61,0.7958801439337582,[70.55966043]
0,471,7,xc1 dx a1 a2 d1 d2 Ir,25,1.6969584328107086,0.2416146153279859,-0.01,-0.02,0.22707754716211612,0.9129034954730958,1.925834741921277,1.6482928448230483,-0.8071018640339178,0,0,48,41,1.9550537057630762e-11,[55.99821728]
0,472,7,xc1 dx a1 a2 d1 d2 Ir,25,2.0,0.1,-0.01,-0.02,0.2,1.0,2.3423142459334985,1.2232865751381643,-1.0,0,0,59,31,221.99011263567417,[34.6480507]
0,473,7,xc1 dx a1 a2 d1 d2 Ir,25,-3.0,0.3996158311157146,-0.01,-0.02,0.2,1.0,2.6749578907644143,1.568352147594706,-1.0,0,0,67,39,17.002753001336412,[81.00976987]
0,474,7,xc1 dx a1 a2 d1 d2 Ir,25,-3.0,0.3792385623020353,-0.01,-0.02,0.2,1.0,2.848626061574302,1.7244464154267476,-1.0,0,0,71,43,19.90576132005214,[84.19535017]
0,475,7,xc1 dx a1 a2 d1 d2 Ir,25,1.903697964312767,0.5447504000746597,-0.01,-0.02,0.6834808561718966,0.6054187631775838,1.8828562017363233,2.983893866303151,-0.6183369510288576,0,0,47,75,0.00014167914040429954,[47.89384199]
0,476,7,xc1 dx a1 a2 d1 d2 Ir,25,-3.0,0.1,-0.01,-0.02,0.35528369029757245,0.2,2.6970961206093067,2.752554668457292,-1.0,0,0,67,69,0.9228261924557715,[76.1222216]
0,477,7,xc1 dx a1 a2 d1 d2 Ir,25,1.8135697397409374,0.34967514268090233,-0.01,-0.02,0.26953825053491604,0.8902018847861037,2.16122626386011,2.152800708328316,-0.7438537172269349,0,0,54,54,7.006033574697616e-05,[51.67502954]
0,478,7,xc1 dx a1 a2 d1 d2 Ir,25,2.0,0.1,-0.01,-0.02,0.2,1.0,1.7817745554488462,1.1332409168053759,-1.0,0,0,45,28,0.2748411973566251,[75.40894648]
0,479,7,xc1 dx a1 a2 d1 d2 Ir,25,1.9536331839993824,0.4555023921746222,-0.01,-0.02,0.3156386879943247,0.9132243373612257,2.2925920765846897,2.499479512596876,-0.7098535622253662,0,0,57,62,6.443157826005657e-05,[51.91469258]
0,480,7,xc1 dx a1 a2 d1 d2 Ir,25,-3.0,0.1,-0.01,-0.02,0.2,0.2,1.9119912119319888,2.4849833524268297,-0.4250571692010034,0,0,48,62,3.757337307874261,[66.0110789]
0,481,7,xc1 dx a1 a2 d1 d2 Ir,25,-3.0,0.1,-0.01,-0.02,0.2,0.4980757924493145,2.283000667514224,1.9266056958308617,-1.0,0,0,57,48,0.3751801207029891,[63.07964833]
0,482,7,xc1 dx a1 a2 d1 d2 Ir,25,-3.0,0.1,-0.01,-0.02,0.5108336680698189,0.2,2.0636246669512497,2.3276143630132573,-1.0,0,0,52,58,0.34534424739012193,[64.98797076]
0,483,7,xc1 dx a1 a2 d1 d2 Ir,25,1.3993109144655003,0.9388423990409946,-0.01,-0.02,0.2,0.2443944610015734,1.0875090884147478,2.972135839227913,-0.1788658960250772,0,0,27,74,3.2393603734335124e-11,[55.99771252]
0,484,7,xc1 dx a1 a2 d1 d2 Ir,25,-3.0,0.1,-0.01,-0.02,0.2,0.39798528065230854,1.4901646027132998,1.2236946072269799,-1.0,0,0,37,31,0.030292532009081278,[47.55373172]
0,485,7,xc1 dx a1 a2 d1 d2 Ir,25,-3.0,0.1,-0.01,-0.02,0.2,0.2,1.7765727411332881,2.9551809816371155,-0.18985087696860486,0,0,44,74,8.06642410901304,[72.74921705]
0,486,7,xc1 dx a1 a2 d1 d2 Ir,25,-3.0,0.1,-0.01,-0.02,0.4184956095161952,0.2,1.6064739003772939,1.769662938948344,-1.0,0,0,40,44,0.0780986408225912,[52.19969002]
0,487,7,xc1 dx a1 a2 d1 d2 Ir,25,2.0,0.1,-0.01,-0.02,0.2,1.0,2.869432613854171,1.37276639442388,-1.0,0,0,72,34,930.4193418699821,[25.42586021]
0,488,7,xc1 dx a1 a2 d1 d2 Ir,25,-3.0,0.1,-0.01,-0.02,0.2,0.6712130105193492,2.0688706695974153,1.5696526693208592,-1.0,0,0,52,39,0.2913366528594143,[59.21779374]
0,489,7,xc1 dx a1 a2 d1 d2 Ir,25,1.8516011464434539,0.35218343926286116,-0.01,-0.02,0.367920885435706,0.953807943181867,2.674724157295633,2.7508074436068806,-0.814116773531855,0,0,67,69,0.0001049284788886741,[41.87340404]
0,490,7,xc1 dx a1 a2 d1 d2 Ir,25,1.9795830938223582,0.28323304129849625,-0.01,-0.02,0.2108527200868005,0.9358829724553808,2.7096167963139486,2.474677526627521,-0.8522594088450438,0,0,68,62,0.00013370221924750535,[48.51809768]
0,491,7,xc1 dx a1 a2 d1 d2 Ir,25,-3.0,0.1,-0.01,-0.02,0.2,0.21691249861684198,2.1515680253364597,2.0928579320842253,-1.0,0,0,54,52,0.23630346143413294,[59.90917937]
0,492,7,xc1 dx a1 a2 d1 d2 Ir,25,1.3837215523498334,0.9177251877494839,-0.01,-0.02,0.2000070045541792,0.8547088545517828,1.062269479522447,2.2807648778443834,-0.19038168856834503,0,0,27,57,5.047169282060986e-12,[55.99994268]
0,493,7,xc1 dx a1 a2 d1 d2 Ir,25,1.7382300927385912,0.4551767101124676,-0.01,-0.02,0.5048693692514542,0.8661519958922271,1.5155369543220234,2.011395691588505,-0.574562783752525,0,0,38,50,5.198581048634995e-12,[56.00091603]
0,494,7,xc1 dx a1 a2 d1 d2 Ir,25,1.5092766152065824,1.0487914609910725,-0.01,-0.02,0.4366763154263653,0.5601573514532168,1.0379902873462414,2.9597451819098106,-0.21488875512046077,0,0,26,74,1.317576514905181e-10,[55.99534934]
0,495,7,xc1 dx a1 a2 d1 d2 Ir,25,1.156730738017629,0.5402078777773155,-0.01,-0.02,0.5079881040042097,0.9292101354205187,1.4066634615823799,2.2795421384556573,-0.46051547418980854,0,0,35,57,7.203612217422168e-10,[35.99092865]
0,496,7,xc1 dx a1 a2 d1 d2 Ir,25,1.9922708857737317,0.45619476320432595,-0.01,-0.02,0.2709801815537477,0.8271072875268626,2.272097799785903,2.529166348371934,-0.6956491053066186,0,0,57,63,2.3441836172640956e-05,[53.79649173]
0,497,7,xc1 dx a1 a2 d1 d2 Ir,25,1.6374893139035764,0.33710041595576584,-0.01,-0.02,0.2713626926100242,0.23062875600370014,1.5678778624237228,2.296382741684197,-0.5674008780085601,0,0,39,57,5.229819628365916e-12,[55.99939451]
0,498,7,xc1 dx a1 a2 d1 d2 Ir,25,-3.0,0.1,-0.01,-0.02,0.2,0.2,1.7622174026788773,2.198425121340064,-0.4708231693973645,0,0,44,55,1.3168751603980124,[60.32876804]
0,499,7,xc1 dx a1 a2 d1 d2 Ir,25,-3.0,0.1,-0.01,-0.02,0.2,0.4793489720036575,1.542285793151219,1.2391411913552928,-1.0,0,0,39,31,0.04437091042807153,[49.04344147]
0,500,7,xc1 dx a1 a2 d1 d2 Ir,25,2.0,0.1,-0.01,-0.02,0.2,1.0,2.5119224443670447,1.7519364388709955,-1.0,0,0,63,44,9.82893385003441,[40.13508341]
0,501,7,xc1 dx a1 a2 d1 d2 Ir,25,1.6343474579335477,0.3802865967151866,-0.01,-0.02,0.30778367162432446,0.953706293934396,1.6729073305483142,1.7278016384194346,-0.6484756220005057,0,0,42,43,5.397770325995323e-06,[55.01035099]
0,502,7,xc1 dx a1 a2 d1 d2 Ir,25,-3.0,0.3942069464618605,-0.01,-0.02,0.2,1.0,2.3955129529138572,1.339476227147779,-1.0,0,0,60,33,9.81794709720427,[74.95360138]
0,503,7,xc1 dx a1 a2 d1 d2 Ir,25,-3.0,1.0957431958929873,-0.01,-0.02,0.2,1.0,2.788677538144033,1.037656024710755,-1.0,0,0,70,26,158.29984888201818,[2.48873415]
0,504,7,xc1 dx a1 a2 d1 d2 Ir,25,-3.0,0.1,-0.01,-0.02,0.2,0.26230135736196386,1.3830360926763658,1.3044359264344147,-0.9439587955000035,0,0,35,33,0.025521229725853578,[48.43490968]
0,505,7,xc1 dx a1 a2 d1 d2 Ir,25,1.6439070401002966,0.5488091148291312,-0.01,-0.02,0.21629907275721244,0.2889467795316927,1.5877731670997368,2.5900257309305323,-0.4493805095429728,0,0,40,65,8.038242117707832e-12,[55.9988783]
0,506,7,xc1 dx a1 a2 d1 d2 Ir,25,1.510899352114692,0.3091178125943622,-0.01,-0.02,0.20036527751411615,0.8292305568052503,1.5398197738141803,1.4719576653448667,-0.6198466425429692,0,0,38,37,8.89956482212763e-12,[56.00100089]
0,507,7,xc1 dx a1 a2 d1 d2 Ir,25,-3.0,0.1,-0.01,-0.02,0.5010831168210426,0.2,1.4843956448415894,1.7202464480760578,-1.0,0,0,37,43,0.062122395721317364,[51.44715529]
0,508,7,xc1 dx a1 a2 d1 d2 Ir,25,-3.0,0.1,-0.01,-0.02,0.2,0.7336193101218967,1.7328090618121255,1.1615641220507198,-1.0,0,0,43,29,0.11847570373281159,[52.85650731]
0,509,7,xc1 dx a1 a2 d1 d2 Ir,25,1.4831669574145938,0.833961356040417,-0.01,-0.02,0.23802085994538907,0.9687415820772309,1.2683267164955068,2.1640469472444357,-0.2867488871601147,0,0,32,54,6.9330796487035095e-12,[56.00093653]
0,510,7,xc1 dx a1 a2 d1 d2 Ir,25,2.0,0.1,-0.01,-0.02,0.2,1.0,2.564377517628807,1.3108543849253838,-1.0,0,0,64,33,389.65960806178174,[30.36992129]
0,511,7,xc1 dx a1 a2 d1 d2 Ir,25,-3.0,0.1,-0.01,-0.02,0.3729460243914705,0.2,1.4220086444745812,1.5506423947390449,-1.0,0,0,36,39,0.04044602127979001,[48.54629067]
0,512,7,xc1 dx a1 a2 d1 d2 Ir,25,-3.0,0.2892489697605833,-0.01,-0.02,0.2,1.0,2.854944193714983,1.811088171340558,-1.0,0,0,71,45,12.596332865911384,[83.55097292]
0,513,7,xc1 dx a1 a2 d1 d2 Ir,25,-3.0,0.1,-0.01,-0.02,0.2,0.7946486874164692,2.1815585922379612,1.5739754337396263,-1.0,0,0,55,39,0.5007726297542506,[62.34686186]
0,514,7,xc1 dx a1 a2 d1 d2 Ir,25,-3.0,0.1,-0.01,-0.02,0.2,0.5392006659909385,2.2938486243101037,1.8615050654459415,-1.0,0,0,57,47,0.3927541711338082,[63.18007893]
0,515,7,xc1 dx a1 a2 d1 d2 Ir,25,-3.0,0.1962635108807925,-0.01,-0.02,0.2,1.0,2.8654677422387103,1.9296952318445881,-1.0,0,0,72,48,7.3422108656612926,[83.94514708]
0,516,7,xc1 dx a1 a2 d1 d2 Ir,25,1.9949772502719485,0.15398989407235864,-0.01,-0.02,0.20353617215476155,0.9838294456853337,2.8338544193920843,2.2695390064796426,-0.96216317261053,0,0,71,57,1.0644003011190013e-05,[54.57817754]
0,517,7,xc1 dx a1 a2 d1 d2 Ir,25,1.498012148140396,0.6656013952781983,-0.01,-0.02,0.2,0.9949429444946982,1.3965453618323156,1.8644318401263997,-0.3713472484177045,0,0,35,47,7.951701917769867e-11,[55.99641725]
0,518,7,xc1 dx a1 a2 d1 d2 Ir,25,1.7612728745805064,0.7813647797113066,-0.01,-0.02,0.4729382458775745,0.8211027096755423,1.513669394168159,2.5810127819994277,-0.42758916892168175,0,0,38,65,2.0535415975371516e-10,[55.99420078]
0,519,7,xc1 dx a1 a2 d1 d2 Ir,25,-3.0,0.1,-0.01,-0.02,0.2,0.9365106812820279,2.9371152789949155,2.12045924697311,-1.0,0,0,73,53,2.524668156727329,[79.46966623]
0,520,7,xc1 dx a1 a2 d1 d2 Ir,25,1.7950409640642773,0.2609863575744705,-0.01,-0.02,0.7452318933652873,0.6720344399432265,1.2745335019751376,1.870563699127979,-0.6440673533706279,0,0,32,47,4.399148095368907e-11,[56.00235431]
0,521,7,xc1 dx a1 a2 d1 d2 Ir,25,-3.0,0.1,-0.01,-0.02,0.44352922018634916,0.2,2.5487075875007923,2.958399656080336,-0.7649222923360428,0,0,64,74,11.64239163347938,[88.45076347]
0,522,7,xc1 dx a1 a2 d1 d2 Ir,25,-3.0,0.1,-0.01,-0.02,0.29087605664867816,0.2,1.0422017445213347,2.461366028940521,-0.1,0,0,26,62,0.5331503483510376,[57.4600616]
0,523,7,xc1 dx a1 a2 d1 d2 Ir,25,1.4190652117714349,0.3124027647659321,-0.01,-0.02,0.21087582431827503,0.7975289435038375,1.3145883153406166,1.342915006832612,-0.5474810245687195,0,0,33,34,1.0294882360262634e-11,[55.9987125]
0,524,7,xc1 dx a1 a2 d1 d2 Ir,25,-3.0,0.5894479216414674,-0.01,-0.02,0.2,1.0,2.9334653424657717,1.6145135199239242,-1.0,0,0,73,40,50.42339657951308,[87.70112051]
0,525,7,xc1 dx a1 a2 d1 d2 Ir,25,2.0,0.3195703394040984,-0.01,-0.02,0.23246376925250872,0.9248900686040354,2.357966455598942,2.1965904252074764,-0.7957260027353341,0,0,59,55,3.940579568657608e-06,[55.16096868]
0,526,7,xc1 dx a1 a2 d1 d2 Ir,25,1.8471195246014076,0.6563402777974133,-0.01,-0.02,0.35210726243343476,0.5853125523145898,1.797626577030363,2.740856193178694,-0.5076967763877434,0,0,45,69,3.6353018336245726e-11,[55.99883964]
0,527,7,xc1 dx a1 a2 d1 d2 Ir,25,2.0,0.1,-0.01,-0.02,0.2,1.0,2.346426098329541,1.3232178735079234,-1.0,0,0,59,33,154.589256154556,[34.21746084]
0,528,7,xc1 dx a1 a2 d1 d2 Ir,25,1.7901672938279687,0.5147819423529921,-0.01,-0.02,0.3927133545486671,0.8227281644702313,1.9378604365673515,2.4225303076805473,-0.6131191645765212,0,0,48,61,7.831164429236627e-05,[51.32187792]
0,529,7,xc1 dx a1 a2 d1 d2 Ir,25,-3.0,0.1,-0.01,-0.02,0.2,0.6589205874570112,2.4454953621397957,1.9206507166975015,-1.0,0,0,61,48,0.6607520537689116,[67.2988426]
0,530,7,xc1 dx a1 a2 d1 d2 Ir,25,1.6992011837676513,0.1287209462774209,-0.01,-0.02,0.2,1.0,2.5826551110545672,1.9789139492959145,-0.9999661987506785,0,0,65,49,1.1286786674184994e-05,[57.23186246]
0,531,7,xc1 dx a1 a2 d1 d2 Ir,25,1.8844843147931118,0.45659111030533844,-0.01,-0.02,0.45269099007345504,0.8952258135421215,1.7025603716857591,2.0703493783536224,-0.6204195998765685,0,0,43,52,5.110658400776932e-05,[58.56542476]
0,532,7,xc1 dx a1 a2 d1 d2 Ir,25,-1.5789694275781494,0.1,-0.01,-0.02,1.0,0.47320147358622877,2.426186770354219,2.8250363863430463,-1.0,0,0,61,71,1.654769833119913e-05,[37.80730757]
0,533,7,xc1 dx a1 a2 d1 d2 Ir,25,1.463902100208464,0.4283996618901838,-0.01,-0.02,0.4004374208113384,0.6927367098793762,1.1006350888085537,1.7125388128021088,-0.4166176775247819,0,0,28,43,1.2352713474933746e-10,[55.99586199]
0,534,7,xc1 dx a1 a2 d1 d2 Ir,25,-3.0,0.1,-0.01,-0.02,0.3790143666676304,0.2,1.711053740943383,1.8547885121952616,-1.0,0,0,43,46,0.10427822197593686,[53.76873475]
0,535,7,xc1 dx a1 a2 d1 d2 Ir,25,-3.0,0.1,-0.01,-0.02,0.2,0.7284753010783991,1.8087168059241443,1.245125395443676,-1.0,0,0,45,31,0.14946452160573703,[54.1658453]
0,536,7,xc1 dx a1 a2 d1 d2 Ir,25,1.7828082890809618,0.25531029249694986,-0.01,-0.02,0.2015068392661709,0.9751661501900268,2.109142211155138,1.7525345448978435,-0.8319557388278666,0,0,53,44,1.0908295654047485e-10,[56.00088361]
0,537,7,xc1 dx a1 a2 d1 d2 Ir,25,2.0,0.1,-0.01,-0.02,0.2,1.0,2.43592216715222,1.2771312699186383,-1.0,0,0,61,32,274.49833033434686,[32.81147373]
0,538,7,xc1 dx a1 a2 d1 d2 Ir,25,-3.0,0.1,-0.01,-0.02,0.2,0.2,1.6452094843773892,2.8053567722150747,-0.18149190256808417,0,0,41,70,4.608131232374576,[69.36478348]
0,539,7,xc1 dx a1 a2 d1 d2 Ir,25,-3.0,0.1,-0.01,-0.02,0.2446338890516298,0.2,2.6911268851704464,2.6609331622004064,-0.9668433046714922,0,0,67,67,1.338872605596767,[76.74145253]
0,540,7,xc1 dx a1 a2 d1 d2 Ir,25,-3.0,0.1,-0.01,-0.02,0.2,0.26258458046907984,1.9067098585080082,1.8004411025061366,-1.0,0,0,48,45,0.1221434040948,[54.85011238]
0,541,7,xc1 dx a1 a2 d1 d2 Ir,25,1.6479152573634988,0.2078742255784245,-0.01,-0.02,0.20037739242573938,0.3768768644081741,1.6925663399256974,1.9291519337750915,-0.7007278967847683,0,0,42,48,1.8860398106351933e-11,[55.99832155]
0,542,7,xc1 dx a1 a2 d1 d2 Ir,25,2.0,0.3364002359110632,-0.01,-0.02,0.6478500103339312,0.20003299298189492,1.7300232221582983,2.8097986024203205,-0.6763246672171911,0,0,43,70,3.83363878780658e-08,[55.9203984]
0,543,7,xc1 dx a1 a2 d1 d2 Ir,25,2.0,0.23364752617178647,-0.01,-0.02,0.23870225855744973,0.9699883350099482,2.5611221594410702,2.1879304941067352,-0.8855574909288194,0,0,64,55,3.002710472036095e-05,[53.45797885]
0,544,7,xc1 dx a1 a2 d1 d2 Ir,25,1.8670420203042881,0.16679485973796768,-0.01,-0.02,0.2178369499696191,0.9599984515719596,2.892497325671598,2.4039739976400067,-0.9478812706896228,0,0,72,60,0.00012998676423029432,[48.76634831]
0,545,7,xc1 dx a1 a2 d1 d2 Ir,25,-3.0,0.7890753044741913,-0.01,-0.02,0.2,1.0,2.9950890102223275,1.463276498008244,-1.0,0,0,75,37,101.4526795243559,[1.40011042]
0,546,7,xc1 dx a1 a2 d1 d2 Ir,25,-3.0,0.1,-0.01,-0.02,0.2,0.6425805221616728,1.7654858341273953,1.2986574817638834,-1.0,0,0,44,32,0.1113509865556144,[53.01078711]
0,547,7,xc1 dx a1 a2 d1 d2 Ir,25,-3.0,0.1,-0.01,-0.02,0.5490262114528884,0.2,1.846602206864556,2.119906667092102,-1.0,0,0,46,53,0.1976538620670481,[60.0888]
0,548,7,xc1 dx a1 a2 d1 d2 Ir,25,1.4635758509404173,0.5142209774001661,-0.01,-0.02,0.3567648909874721,0.765431232326176,1.1574476640119222,1.78573311126882,-0.3790515898736245,0,0,29,45,1.4127458044167291e-11,[55.99848209]
0,549,7,xc1 dx a1 a2 d1 d2 Ir,25,1.6607163578311634,0.2244102989547853,-0.01,-0.02,0.200907756701365,0.9614801337850635,1.9727722135647368,1.5772265920051567,-0.8481384796596827,0,0,49,39,2.11908501507304e-11,[56.00182731]
0,550,7,xc1 dx a1 a2 d1 d2 Ir,25,2.0,0.1,-0.01,-0.02,0.2,1.0,2.686182932604938,1.8581511071940493,-1.0,0,0,67,46,38.25629090234873,[29.76499659]
0,551,7,xc1 dx a1 a2 d1 d2 Ir,25,1.6250571396228932,1.023161405290994,-0.01,-0.02,0.24541104087222765,0.6342247734851438,1.4860054607664008,2.993824845647239,-0.2980356469884527,0,0,37,75,1.0625338274251637e-09,[55.98939735]
0,552,7,xc1 dx a1 a2 d1 d2 Ir,25,-3.0,0.1,-0.01,-0.02,0.2686953737607707,0.2,2.384719804527518,2.4024938940079297,-1.0,0,0,60,60,0.48327141021712067,[66.76376995]
0,553,7,xc1 dx a1 a2 d1 d2 Ir,25,-3.0,0.1,-0.01,-0.02,0.2,0.939168958050389,2.8535114642161306,2.0468134393275372,-1.0,0,0,71,51,2.2836997915003594,[77.7056181]
0,554,7,xc1 dx a1 a2 d1 d2 Ir,25,-3.0,0.7982998197335288,-0.01,-0.02,0.2,1.0,2.7655610388187273,1.2986349165795785,-1.0,0,0,69,32,73.79880153329844,[87.2014412]
0,555,7,xc1 dx a1 a2 d1 d2 Ir,25,-3.0,0.1,-0.01,-0.02,0.2,0.2,1.3067943789873067,1.82352172124341,-0.35075440769320565,0,0,33,46,0.2063756620949929,[52.95045695]
0,556,7,xc1 dx a1 a2 d1 d2 Ir,25,1.9141907627192378,0.28901227459810963,-0.01,-0.02,0.4378741082240908,0.7861651658439114,1.9275377811968626,2.0612216719982532,-0.7563315083708522,0,0,48,52,1.4767237074575062e-11,[56.00155327]
0,557,7,xc1 dx a1 a2 d1 d2 Ir,25,-3.0,0.1,-0.01,-0.02,0.2,0.29573410632801506,2.2256385660866993,2.0653844719865835,-1.0,0,0,56,52,0.29624931619018124,[61.8137641]
0,558,7,xc1 dx a1 a2 d1 d2 Ir,25,1.5254692882383998,1.0775476508044575,-0.01,-0.02,0.4658062549297362,0.7029320777954179,1.0428023475370942,2.8966618924619594,-0.21954868021470322,0,0,26,72,2.2709464378958113e-10,[55.99758473]
0,559,7,xc1 dx a1 a2 d1 d2 Ir,25,-3.0,0.1,-0.01,-0.02,0.2,0.6010873240590957,1.7256407962644686,1.2783681622969538,-1.0,0,0,43,32,0.09118124677274331,[52.13032492]
0,560,7,xc1 dx a1 a2 d1 d2 Ir,25,1.776599405036154,0.1805009349676093,-0.01,-0.02,0.3357426548560872,0.8067568795566803,2.8659452435338295,2.747152349106223,-0.9084687042123628,0,0,72,69,4.6199081134951e-05,[39.29565935]
0,561,7,xc1 dx a1 a2 d1 d2 Ir,25,-3.0,0.1,-0.01,-0.02,0.5004487099407672,0.2,1.4498338642427213,1.698438327827376,-1.0,0,0,36,42,0.05414497498635431,[50.69110483]
0,562,7,xc1 dx a1 a2 d1 d2 Ir,25,1.9617466992211514,0.30518451260122126,-0.01,-0.02,0.20153629929702635,0.6468305538870481,1.1136533200045193,1.2340843486064013,-0.46811991484417514,0,0,28,31,0.014543569698643937,[74.60967063]
0,563,7,xc1 dx a1 a2 d1 d2 Ir,25,-3.0,0.1,-0.01,-0.02,0.27658129106540685,0.2,2.8910966190390894,2.8759665052371934,-1.0,0,0,72,72,1.1338039472605732,[78.98687132]
0,564,7,xc1 dx a1 a2 d1 d2 Ir,25,2.0,0.1,-0.01,-0.02,0.2,1.0,2.4215794258754633,1.5542467257073755,-1.0,0,0,61,39,53.91175214479569,[33.19576309]
0,565,7,xc1 dx a1 a2 d1 d2 Ir,25,1.852511953421584,0.5454872893212014,-0.01,-0.02,0.4405874966089028,0.8577730128582945,1.7553600185834504,2.337575524077354,-0.5761143620009916,0,0,44,58,9.03278137042847e-12,[55.9987932]
0,566,7,xc1 dx a1 a2 d1 d2 Ir,25,1.617067670017037,0.23394006977862067,-0.01,-0.02,0.3175440389588064,0.9225300245582253,2.9759086515958337,2.8219777364623377,-0.8864565888622887,0,0,74,71,1.0185104471855386e-09,[35.98812559]
0,567,7,xc1 dx a1 a2 d1 d2 Ir,25,-3.0,0.18073415930418,-0.01,-0.02,0.2,1.0,2.469808125188362,1.5661014685813237,-1.0,0,0,62,39,3.3948332782182664,[74.97479664]
0,568,7,xc1 dx a1 a2 d1 d2 Ir,25,-3.0,0.1,-0.01,-0.02,0.2,0.3126671154211612,1.5448895603447648,1.4095108485021695,-1.0,0,0,39,35,0.038159790012341044,[48.5466733]
0,569,7,xc1 dx a1 a2 d1 d2 Ir,25,1.6013851236284633,0.7541139055091771,-0.01,-0.02,0.20000490741345825,0.8266471590083315,1.5275639885717773,2.3338596115273695,-0.3648035237761086,0,0,38,58,1.394207802145564e-06,[56.4621919]
0,570,7,xc1 dx a1 a2 d1 d2 Ir,25,-3.0,0.1,-0.01,-0.02,0.2,0.2,1.5224794795130496,2.0935882418385137,-0.3626470967040126,0,0,38,52,0.6524974389185321,[57.20322525]
0,571,7,xc1 dx a1 a2 d1 d2 Ir,25,-3.0,0.5670493175255362,-0.01,-0.02,0.2,1.0,2.3214850891498755,1.1149403688189774,-1.0,0,0,58,28,16.143125318883154,[75.41985142]
0,572,7,xc1 dx a1 a2 d1 d2 Ir,25,1.6528938440228258,0.5177244326688197,-0.01,-0.02,0.37030882879582067,0.8951519105135421,1.519367748087736,1.9670337432395437,-0.5151874927767641,0,0,38,49,2.6704655877336477e-11,[55.99791309]
0,573,7,xc1 dx a1 a2 d1 d2 Ir,25,1.5475209266972814,0.6982817882785701,-0.01,-0.02,0.5078840311977277,0.9067702151676096,1.130239894852257,2.0970786207693957,-0.34270763126890186,0,0,28,52,2.2426829376086573e-11,[55.99808845]
0,574,7,xc1 dx a1 a2 d1 d2 Ir,25,-3.0,0.41421294327025143,-0.01,-0.02,0.2,1.0,2.914435617582649,1.7557927772818074,-1.0,0,0,73,44,26.025087970162325,[86.07930148]
0,575,7,xc1 dx a1 a2 d1 d2 Ir,25,-3.0,0.1,-0.01,-0.02,0.2,0.2,1.2211538018751278,1.992202303192968,-0.2290262068485728,0,0,31,50,0.26407021898487076,[54.81173292]
0,576,7,xc1 dx a1 a2 d1 d2 Ir,25,2.0,0.1,-0.01,-0.02,0.2,1.0,2.813091461921214,1.7571595538912694,-1.0,0,0,70,44,187.43173505386207,[23.76779053]
0,577,7,xc1 dx a1 a2 d1 d2 Ir,25,1.7701341364043874,0.5354345036669238,-0.01,-0.02,0.7393273385253827,0.24162209416537642,1.1981266404694777,2.7463018229604588,-0.4472459047807704,0,0,30,69,6.5497414996816e-11,[55.99672192]
0,578,7,xc1 dx a1 a2 d1 d2 Ir,25,1.7200492473494762,0.24586632884771212,-0.01,-0.02,0.374643139035928,0.8129765953353378,1.7139310179055023,1.7324003104148253,-0.7593161137904392,0,0,43,43,1.7188695705008415e-11,[56.00050275]
0,579,7,xc1 dx a1 a2 d1 d2 Ir,25,-3.0,0.1,-0.01,-0.02,0.25317213435818203,0.2,1.6663322155497908,1.6706783479460872,-1.0,0,0,42,42,0.06579957745384196,[50.6237294]
0,580,7,xc1 dx a1 a2 d1 d2 Ir,25,-3.0,0.1,-0.01,-0.02,0.30750742034528905,0.2,2.2911434515409717,2.301695721521673,-1.0,0,0,57,58,0.3990385809512153,[64.75840786]
0,581,7,xc1 dx a1 a2 d1 d2 Ir,25,1.0124458508530583,0.2831077077558328,-0.01,-0.02,0.5227646012552973,0.4952514171374446,1.0114995623947027,1.82699710559658,-0.43670861151492973,0,0,25,46,4.257167045370603e-11,[36.00236021]
0,582,7,xc1 dx a1 a2 d1 d2 Ir,25,-3.0,0.8149241765337728,-0.01,-0.02,0.2,1.0,2.879783241569714,1.3534226772562425,-1.0,0,0,72,34,92.31951542970279,[89.61687239]
0,583,7,xc1 dx a1 a2 d1 d2 Ir,25,-3.0,0.1,-0.01,-0.02,0.2,0.9708833428368042,2.210482408012046,1.3894417847869844,-1.0,0,0,55,35,0.7644803595156363,[63.37061965]
0,584,7,xc1 dx a1 a2 d1 d2 Ir,25,-3.0,0.1,-0.01,-0.02,0.2,0.2,1.2377977383551375,1.1883145694750856,-1.0,0,0,31,30,0.010173250629770227,[43.27059811]
0,585,7,xc1 dx a1 a2 d1 d2 Ir,25,-3.0,0.1,-0.01,-0.02,0.2,0.2,1.7408390719903573,2.5278716906792535,-0.3107267178985194,0,0,44,63,3.372208480088232,[65.56842297]
0,586,7,xc1 dx a1 a2 d1 d2 Ir,25,-3.0,0.1,-0.01,-0.02,0.2,0.5371148988538456,2.376657199518637,1.9590296328701666,-1.0,0,0,59,49,0.47075176757046744,[65.05719772]
0,587,7,xc1 dx a1 a2 d1 d2 Ir,25,1.999999285751893,0.257784980059221,-0.01,-0.02,0.2348767311108008,0.9631967125878835,2.303028099898884,2.0082848421903874,-0.8470279925891083,0,0,58,50,2.021231302492258e-05,[57.67894068]
0,588,7,xc1 dx a1 a2 d1 d2 Ir,25,2.0,0.1,-0.01,-0.02,0.2,1.0,2.813685296995942,1.6402229597003346,-1.0,0,0,70,41,324.65686778251745,[24.01497086]
0,589,7,xc1 dx a1 a2 d1 d2 Ir,25,-3.0,0.7277520152096917,-0.01,-0.02,0.2,1.0,2.880421778352261,1.4598185749826258,-1.0,0,0,72,36,72.84629790259288,[88.51673413]
0,590,7,xc1 dx a1 a2 d1 d2 Ir,25,-3.0,0.1,-0.01,-0.02,0.2,0.9541636702005727,2.4685121444150853,1.6935365785453265,-1.0,0,0,62,42,1.3134061553141618,[69.46787539]
0,591,7,xc1 dx a1 a2 d1 d2 Ir,25,-3.0,0.1,-0.01,-0.02,0.28680977275089303,0.2,1.354387928302902,1.3872094332882803,-1.0,0,0,34,35,0.023101885605610037,[45.9419146]
0,592,7,xc1 dx a1 a2 d1 d2 Ir,25,-3.0,0.1,-0.01,-0.02,0.2,0.2113507972230361,2.4259016693904907,2.3598368812125896,-1.0,0,0,61,59,0.4613620678882516,[66.56634855]
0,593,7,xc1 dx a1 a2 d1 d2 Ir,25,1.9943071414169116,0.21718979444460976,-0.01,-0.02,0.22309012400724548,0.9129105206759209,2.9355329645877593,2.605901431398281,-0.9035814955726055,0,0,73,65,0.0001513989000702994,[46.57810685]
0,594,7,xc1 dx a1 a2 d1 d2 Ir,25,-3.0,0.1,-0.01,-0.02,0.2,0.37158913695403467,2.4842556850792348,2.2386425353845123,-1.0,0,0,62,56,0.531129667534674,[67.69393044]
0,595,7,xc1 dx a1 a2 d1 d2 Ir,25,1.456494715469388,0.3195210072948392,-0.01,-0.02,0.5233626417815438,0.7566535954956819,1.0191939320829917,1.4481882677439657,-0.490589605082252,0,0,25,36,1.760763475940963e-11,[55.99830114]
0,596,7,xc1 dx a1 a2 d1 d2 Ir,25,-3.0,0.1,-0.01,-0.02,0.25206788964634347,0.2,1.4298351368330613,1.4724043820268429,-0.9324759183681863,0,0,36,37,0.03800923880031406,[48.36347532]
0,597,7,xc1 dx a1 a2 d1 d2 Ir,25,-3.0,0.1,-0.01,-0.02,0.2,0.7139711256093416,2.0735541491794183,1.5313752533176719,-1.0,0,0,52,38,0.3155977729113457,[59.41101252]
0,598,7,xc1 dx a1 a2 d1 d2 Ir,25,2.0,0.1,-0.01,-0.02,0.2,1.0,2.6699602861616336,1.19460285403505,-1.0,0,0,67,30,775.148939643374,[29.84502002]
0,599,7,xc1 dx a1 a2 d1 d2 Ir,25,-3.0,0.3098659706625341,-0.01,-0.02,0.2,1.0,2.2688846484502645,1.2612733222907881,-1.0,0,0,57,32,5.039332989000888,[71.56888818]
0,600,7,xc1 dx a1 a2 d1 d2 Ir,25,2.0,0.1,-0.01,-0.02,0.2,1.0,2.860959591012856,1.7810580790491006,-1.0,0,0,72,45,233.21922054528355,[22.10673763]
0,601,7,xc1 dx a1 a2 d1 d2 Ir,25,-3.0,0.1,-0.01,-0.02,0.2,0.5762156295185524,2.4588011261536193,1.9962453097969395,-1.0,0,0,61,50,0.5871089008760944,[67.07300089]
0,602,7,xc1 dx a1 a2 d1 d2 Ir,25,-3.0,0.1,-0.01,-0.02,0.2,0.5829003942395153,2.2042549472926525,1.7591232656556182,-1.0,0,0,55,44,0.3427790983772787,[61.48194986]
0,603,7,xc1 dx a1 a2 d1 d2 Ir,25,-3.0,0.2985878140788905,-0.01,-0.02,0.2,1.0,2.0414909089038593,1.0950680336187915,-1.0,0,0,51,27,2.6578651580734522,[66.69666422]
0,604,7,xc1 dx a1 a2 d1 d2 Ir,25,-3.0,0.1,-0.01,-0.02,0.2,0.33359616443749623,2.373843608322614,2.1454114668154354,-1.0,0,0,59,54,0.40060416778132835,[64.7071616]
0,605,7,xc1 dx a1 a2 d1 d2 Ir,25,-3.0,0.1,-0.01,-0.02,0.2,0.2,1.1196594143189453,1.4802383552538207,-0.4212263881265124,0,0,28,37,0.038448074118011016,[47.85375715]
0,606,7,xc1 dx a1 a2 d1 d2 Ir,25,1.1079492470025085,0.36289612307479496,-0.01,-0.02,0.5254397437928251,0.7688346800080137,1.2667598046975102,1.9493347324853538,-0.5086606037200684,0,0,32,49,6.308301380816455e-10,[35.98985053]
0,607,7,xc1 dx a1 a2 d1 d2 Ir,25,1.922534055720518,0.27490060982541054,-0.01,-0.02,0.22271610086084492,0.9456545139702738,2.800900247899723,2.5798959905107828,-0.8636207295651217,0,0,70,64,0.00015220188362857821,[45.73503587]
0,608,7,xc1 dx a1 a2 d1 d2 Ir,25,-3.0,0.1,-0.01,-0.02,0.2759921647719892,0.2,2.8410626293093655,2.858587599540191,-1.0,0,0,71,71,1.0709226225964905,[78.01843393]
0,609,7,xc1 dx a1 a2 d1 d2 Ir,25,-3.0,0.1,-0.01,-0.02,0.2,0.31503907893038235,1.4667975893392873,1.3365925245411403,-1.0,0,0,37,33,0.028425538807306687,[47.32824839]
0,610,7,xc1 dx a1 a2 d1 d2 Ir,25,-3.0,0.1,-0.01,-0.02,0.2,0.2,1.389303242614972,2.960158881754328,-0.1,0,0,35,74,2.8913339162813982,[69.17816626]
0,611,7,xc1 dx a1 a2 d1 d2 Ir,25,-3.0,0.1,-0.01,-0.02,0.2,0.782331830394354,1.6779492878549813,1.079341703928562,-1.0,0,0,42,27,0.1170417617301208,[52.53335469]
0,612,7,xc1 dx a1 a2 d1 d2 Ir,25,1.9624063691120044,0.14798425836808457,-0.01,-0.02,0.23608560854009422,0.9658592222897701,2.691796117890166,2.148546872983032,-0.9617180025511539,0,0,67,54,6.758443574734395e-07,[55.66150841]
0,613,7,xc1 dx a1 a2 d1 d2 Ir,25,-3.0,0.1,-0.01,-0.02,0.2,0.2,1.9318823586426634,2.9071694762729354,-0.25907016378611025,0,0,48,73,10.550220721916855,[73.34122075]
0,614,7,xc1 dx a1 a2 d1 d2 Ir,25,-3.0,0.4543850990976148,-0.01,-0.02,0.2,1.0,2.1295743152876367,1.059180642420509,-1.0,0,0,53,26,6.67192681843517,[70.04270191]
0,615,7,xc1 dx a1 a2 d1 d2 Ir,25,-3.0,0.1,-0.01,-0.02,0.3755822413178548,0.2,1.5767518695322986,1.6760945973565797,-1.0,0,0,39,42,0.06181662474901926,[50.67120605]
0,616,7,xc1 dx a1 a2 d1 d2 Ir,25,-3.0,0.1,-0.01,-0.02,0.2,0.9374867064326701,2.0399904391839474,1.2692466556842446,-1.0,0,0,51,32,0.47750128004262316,[59.90533335]
0,617,7,xc1 dx a1 a2 d1 d2 Ir,25,2.0,0.1,-0.01,-0.02,0.2,1.0,2.285299008677595,1.0342167826900215,-1.0,0,0,57,26,314.0032360047179,[37.86995744]
0,618,7,xc1 dx a1 a2 d1 d2 Ir,25,-3.0,0.1,-0.01,-0.02,0.2,0.4024432592835687,1.3464814230001445,1.1349497277453333,-1.0,0,0,34,28,0.019101969259848927,[45.86789767]
0,619,7,xc1 dx a1 a2 d1 d2 Ir,25,1.6433157537480463,0.1,-0.01,-0.02,0.20622090641539642,0.5404119850904066,2.8604296675337277,2.7406703831746038,-0.9341409399603005,0,0,72,69,1.0412377567815198e-09,[36.01301118]
0,620,7,xc1 dx a1 a2 d1 d2 Ir,25,1.6385677733597048,0.45169559277569854,-0.01,-0.02,0.5979359339198245,0.24807484069286942,1.1716622374996941,2.4541837987349657,-0.44512225444600284,0,0,29,61,7.388625091383881e-12,[56.00045798]
0,621,7,xc1 dx a1 a2 d1 d2 Ir,25,1.7610749379860506,0.3984948972939707,-0.01,-0.02,0.23843317675291234,0.28111289239843507,1.7849607297578303,2.5074679929123103,-0.5890552650487475,0,0,45,63,4.392484188144657e-11,[56.00267736]
0,622,7,xc1 dx a1 a2 d1 d2 Ir,25,-3.0,0.4049847111219638,-0.01,-0.02,0.2,1.0,2.9887291581264224,1.8526425783165599,-1.0,0,0,75,46,27.716008278270017,[87.53267177]
0,623,7,xc1 dx a1 a2 d1 d2 Ir,25,-3.0,0.1,-0.01,-0.02,0.3772834763468152,0.2,1.0939680343802083,2.759641213499266,-0.1,0,0,27,69,1.4192203280119224,[61.77067896]
0,624,7,xc1 dx a1 a2 d1 d2 Ir,25,-3.0,0.1,-0.01,-0.02,0.2918294891650328,0.2,1.551975776882847,1.6190091300493628,-1.0,0,0,39,40,0.049078773903360615,[49.21253172]
0,625,7,xc1 dx a1 a2 d1 d2 Ir,25,1.8789411016397675,0.22389217780560433,-0.01,-0.02,0.49549062202454247,0.735633331433249,1.8114137697492805,1.9736743214338768,-0.7881293414038182,0,0,45,49,9.0535247086904e-11,[56.00383803]
0,626,7,xc1 dx a1 a2 d1 d2 Ir,25,-3.0,0.1,-0.01,-0.02,0.2,0.656675034890166,2.5338111568239325,2.0020584459025863,-1.0,0,0,63,50,0.7732447572885914,[69.22100329]
0,627,7,xc1 dx a1 a2 d1 d2 Ir,25,1.6086932920740413,0.3841812188206641,-0.01,-0.02,0.33780641908746206,0.7232183621429602,1.4972485320282254,1.8426474329372953,-0.5567696160884898,0,0,37,46,6.693758020815022e-11,[56.00323698]
0,628,7,xc1 dx a1 a2 d1 d2 Ir,25,1.9498716557928097,0.20150069828922815,-0.01,-0.02,0.2573252508316584,0.8525496913554841,2.8707267216175723,2.6519115885852216,-0.9037591186172006,0,0,72,66,0.00014847940912242965,[44.85981544]
0,629,7,xc1 dx a1 a2 d1 d2 Ir,25,-3.0,0.1,-0.01,-0.02,0.2,0.2,1.579597741469571,2.044325105348741,-0.4148302477518465,0,0,39,51,0.6114577381715626,[56.79722855]
0,630,7,xc1 dx a1 a2 d1 d2 Ir,25,1.6490664630150376,0.11927173739943696,-0.01,-0.02,0.39938949578104044,0.789405284838398,1.7314316363900537,1.5127890962465969,-0.9153418834625617,0,0,43,38,3.869951436280527e-12,[55.99971534]
0,631,7,xc1 dx a1 a2 d1 d2 Ir,25,2.0,0.1,-0.01,-0.02,0.2,1.0,2.8609753672501395,2.20641590972913,-1.0,0,0,72,55,0.12232666849013986,[63.30279315]
0,632,7,xc1 dx a1 a2 d1 d2 Ir,25,-3.0,0.1,-0.01,-0.02,0.2,0.6071713234552173,1.6039833816923006,1.1645816149303128,-1.0,0,0,40,29,0.062095666677477374,[50.24616274]
0,633,7,xc1 dx a1 a2 d1 d2 Ir,25,-3.0,0.1,-0.01,-0.02,0.2,0.2,1.156827524437063,1.7290574340632847,-0.29941478606008626,0,0,29,43,0.09457781203137285,[50.86376645]
0,634,7,xc1 dx a1 a2 d1 d2 Ir,25,-3.0,0.1,-0.01,-0.02,0.2,0.7591182592942886,2.0576434510117565,1.4396628669518166,-1.0,0,0,51,36,0.31196932190753185,[58.82100614]
0,635,7,xc1 dx a1 a2 d1 d2 Ir,25,1.759295453439701,0.28386641294309584,-0.01,-0.02,0.24823679408054602,0.2672852235231633,2.3952228436755467,2.9405871023549803,-0.7666079177623851,0,0,60,74,0.00013065304273287656,[43.27683274]
0,636,7,xc1 dx a1 a2 d1 d2 Ir,25,-3.0,0.1,-0.01,-0.02,0.2,0.30018065664500876,2.049889942724814,1.8676455803491134,-1.0,0,0,51,47,0.1752240787284162,[57.36072633]
0,637,7,xc1 dx a1 a2 d1 d2 Ir,25,-3.0,0.40142728868361705,-0.01,-0.02,0.2,1.0,2.3412228981543395,1.2827133040579204,-1.0,0,0,59,32,9.316675127094873,[74.1905548]
0,638,7,xc1 dx a1 a2 d1 d2 Ir,25,-3.0,0.1,-0.01,-0.02,0.2,0.6065972709137836,2.9377758068447104,2.4382134522977097,-1.0,0,0,73,61,1.4008722222524363,[78.74621141]
0,639,7,xc1 dx a1 a2 d1 d2 Ir,25,2.0,0.1,-0.01,-0.02,0.2,1.0,1.7187978322557291,1.0513075070758726,-1.0,0,0,43,26,0.3263372790643611,[75.27740992]
0,640,7,xc1 dx a1 a2 d1 d2 Ir,25,-3.0,0.5472700303778602,-0.01,-0.02,0.2,1.0,2.6578129330715767,1.3818888216601524,-1.0,0,0,66,35,28.32677040016042,[81.69918572]
0,641,7,xc1 dx a1 a2 d1 d2 Ir,25,-1.3303708292413194,0.1,-0.01,-0.02,0.26307210473741505,0.721885107056896,2.5260631348709612,2.0612917780454802,-0.9637367150826137,0,0,63,52,17.118155144478127,[29.95915633]
0,642,7,xc1 dx a1 a2 d1 d2 Ir,25,1.4358209407147113,0.3223532072022032,-0.01,-0.02,0.5168218735939117,0.6694901184311408,1.9440467640179395,2.548788185774283,-0.6975068504492815,0,0,49,64,1.0653047042982078e-11,[36.0002989]
0,643,7,xc1 dx a1 a2 d1 d2 Ir,25,-3.0,0.4806246380057119,-0.01,-0.02,0.2,1.0,2.7730386270601493,1.5789215899703772,-1.0,0,0,69,39,27.047026273733366,[83.46104977]
0,644,7,xc1 dx a1 a2 d1 d2 Ir,25,-3.0,0.1,-0.01,-0.02,0.2,0.8554107143874313,2.8355122193507176,2.1129638632785444,-1.0,0,0,71,53,1.9000115579783112,[77.42056419]
0,645,7,xc1 dx a1 a2 d1 d2 Ir,25,-1.5186332808892247,0.1,-0.01,-0.02,0.9469889315233103,0.26287638175032335,1.9596100295286452,2.5396626773242064,-0.9998417365798415,0,0,49,63,1.54774015724756e-12,[36.00040162]
0,646,7,xc1 dx a1 a2 d1 d2 Ir,25,1.5411672407202295,0.8928475050235064,-0.01,-0.02,0.20586738399235416,0.8682291831519414,1.4047223734083012,2.440875974102912,-0.2952308889289291,0,0,35,61,6.318497272113332e-12,[55.99920448]
0,647,7,xc1 dx a1 a2 d1 d2 Ir,25,1.8140567621840678,0.6223624572922141,-0.01,-0.02,0.3536942605547931,0.7267611370913662,1.7646456574044076,2.5153006662495034,-0.5157424901613514,0,0,44,63,2.384001941518989e-11,[55.9980386]
0,648,7,xc1 dx a1 a2 d1 d2 Ir,25,-3.0,0.1,-0.01,-0.02,0.2,0.2,1.461891265400128,1.8249194305588448,-0.4855801006915199,0,0,37,46,0.2691598608367851,[53.52956702]
0,649,7,xc1 dx a1 a2 d1 d2 Ir,25,1.7896656034027043,0.4990303957689296,-0.01,-0.02,0.793839815675588,0.2369442849807618,1.1768896680370982,2.705642834099969,-0.4556886430599056,0,0,29,68,7.650562343317685e-11,[55.99645732]
0,650,7,xc1 dx a1 a2 d1 d2 Ir,25,-3.0,0.1,-0.01,-0.02,0.2,0.4961076574833111,2.3554000554718377,1.9923064740024685,-1.0,0,0,59,50,0.45038774393333486,[64.96561336]
0,651,7,xc1 dx a1 a2 d1 d2 Ir,25,-3.0,1.0524562098875772,-0.01,-0.02,0.2,1.0,2.801533091060554,1.0743534858137787,-1.0,0,0,70,27,144.2652526234191,[1.76163831]
0,652,7,xc1 dx a1 a2 d1 d2 Ir,25,-3.0,0.6393163364920404,-0.01,-0.02,0.2,1.0,2.4598700009286842,1.1402360516100407,-1.0,0,0,61,29,26.310962568605728,[78.78888841]
0,653,7,xc1 dx a1 a2 d1 d2 Ir,25,2.0,0.1,-0.01,-0.02,0.2,1.0,2.7340473871845807,1.8845107811064914,-1.0,0,0,68,47,38.60962182838084,[29.08585319]
0,654,7,xc1 dx a1 a2 d1 d2 Ir,25,-3.0,0.1,-0.01,-0.02,0.2,0.7723795141309093,2.8527238532839547,2.2114882088236825,-1.0,0,0,71,55,1.614962285855985,[77.1934576]
0,655,7,xc1 dx a1 a2 d1 d2 Ir,25,1.4441384688091867,0.31182189609191957,-0.01,-0.02,0.4810948938396754,0.7707526595318044,1.0319940132912275,1.402588880793424,-0.5087719543576937,0,0,26,35,7.303342658491246e-11,[55.99873864]
0,656,7,xc1 dx a1 a2 d1 d2 Ir,25,1.8469500213031405,0.3455664089745793,-0.01,-0.02,0.3035361192286705,0.8328043519513627,1.940353394508564,2.0264938265802668,-0.7109207022442053,0,0,49,51,4.46247658342152e-13,[55.99986752]
0,657,7,xc1 dx a1 a2 d1 d2 Ir,25,-3.0,0.1,-0.01,-0.02,1.0,0.2657052455613176,1.8699295670156688,2.5263399702713754,-1.0,0,0,47,63,0.10383743946627556,[69.45914865]
0,658,7,xc1 dx a1 a2 d1 d2 Ir,25,-3.0,0.1,-0.01,-0.02,0.2,0.2,1.0402205199714898,1.9149066512544142,-0.1602625927976778,0,0,26,48,0.10685880247796413,[53.0133161]
0,659,7,xc1 dx a1 a2 d1 d2 Ir,25,1.5261512081001622,0.8419165569467928,-0.01,-0.02,0.281797617977007,0.9999999957243563,1.3030567604770498,2.1841197053683086,-0.31222611725252314,0,0,33,55,2.2478197179912586e-10,[55.99392722]
0,660,7,xc1 dx a1 a2 d1 d2 Ir,25,-3.0,0.1,-0.01,-0.02,0.24030760884901414,0.2,1.162843229735171,2.650075422823099,-0.1,0,0,29,66,0.9553640282883014,[59.80672119]
0,661,7,xc1 dx a1 a2 d1 d2 Ir,25,2.0,0.1,-0.01,-0.02,0.2,1.0,2.084210466504871,1.3615532118172005,-1.0,0,0,52,34,2.521425654570139,[55.9330396]
0,662,7,xc1 dx a1 a2 d1 d2 Ir,25,1.7477473200860723,0.1793935237697197,-0.01,-0.02,0.25925670376830334,0.9206918092110512,2.630807168221076,2.284070871888142,-0.9223664402433651,0,0,66,57,0.00015173228697861423,[46.47384173]
0,663,7,xc1 dx a1 a2 d1 d2 Ir,25,1.941156501604542,0.22872639537487258,-0.01,-0.02,0.21226626546868702,0.9635629204786933,2.0467231241502075,1.6561736479160027,-0.8475020136117627,0,0,51,41,0.0008037922332632756,[63.50198813]
0,664,7,xc1 dx a1 a2 d1 d2 Ir,25,1.9223596245954389,0.3213802748284731,-0.01,-0.02,0.28931129309728293,0.9166453824656525,2.25890476621146,2.1576529314615867,-0.7835021902348046,0,0,56,54,2.3745629920002513e-05,[53.78037054]
0,665,7,xc1 dx a1 a2 d1 d2 Ir,25,-3.0,0.1,-0.01,-0.02,0.2,0.5239480803894492,1.5136142059818236,1.1630959931541305,-1.0,0,0,38,29,0.040905403235462066,[48.63825735]
0,666,7,xc1 dx a1 a2 d1 d2 Ir,25,-3.0,0.1,-0.01,-0.02,0.2,0.6535716591871512,2.622718968208613,2.107347485107944,-1.0,0,0,66,53,0.9620953594935074,[72.13517148]
0,667,7,xc1 dx a1 a2 d1 d2 Ir,25,-3.0,0.1,-0.01,-0.02,0.2,0.2,1.3171402974517863,1.9576238637129466,-0.29010121770873565,0,0,33,49,0.29651290649278983,[54.58279279]
0,668,7,xc1 dx a1 a2 d1 d2 Ir,25,-3.0,0.1,-0.01,-0.02,0.39005002190845883,0.2,2.096790537615542,2.244072007145844,-0.9500109407692082,0,0,52,56,0.49482179373911195,[64.85130984]
0,669,7,xc1 dx a1 a2 d1 d2 Ir,25,-3.0,0.1,-0.01,-0.02,0.2,0.2,1.5971932698783031,2.834346245364361,-0.16129197578916613,0,0,40,71,4.432987471740155,[69.75095632]
0,670,7,xc1 dx a1 a2 d1 d2 Ir,25,1.6201274963561718,1.0548747014251703,-0.01,-0.02,0.20132447019410155,0.7947507857007672,1.517613302007274,2.8766096572455897,-0.29519225771688545,0,0,38,72,3.610601255277882e-10,[55.99392247]
0,671,7,xc1 dx a1 a2 d1 d2 Ir,25,1.4491997183885805,0.24147776459560694,-0.01,-0.02,0.4376574221971678,0.7052674415726307,1.6678859146618232,1.9204363826128075,-0.7250827524864869,0,0,42,48,0.00014292797516524147,[44.22136721]
0,672,7,xc1 dx a1 a2 d1 d2 Ir,25,-3.0,0.32396848277404283,-0.01,-0.02,0.2,1.0,2.186680290933597,1.1864946219047159,-1.0,0,0,55,30,4.5096454909164745,[70.06912806]
0,673,7,xc1 dx a1 a2 d1 d2 Ir,25,1.7952964964925868,0.29964266343749296,-0.01,-0.02,0.4108174452560533,0.30969383158902897,1.6917183157797449,2.379774141676646,-0.6599722135602373,0,0,42,59,8.27240796682634e-12,[55.99883786]
0,674,7,xc1 dx a1 a2 d1 d2 Ir,25,-3.0,0.39419713284684177,-0.01,-0.02,0.2,1.0,2.7155320074998883,1.5931683232813294,-1.0,0,0,68,40,17.727097526579925,[81.81243587]
0,675,7,xc1 dx a1 a2 d1 d2 Ir,25,-3.0,0.1,-0.01,-0.02,0.2,0.4571381885192875,2.2606561453442886,1.9796940379356878,-1.0,0,0,57,49,0.36073598640043214,[62.99193613]
0,676,7,xc1 dx a1 a2 d1 d2 Ir,25,-3.0,0.1,-0.01,-0.02,0.2,0.3804038214006042,2.0968854999349054,1.8333646315161463,-1.0,0,0,52,46,0.20426072428477596,[58.33999818]
0,677,7,xc1 dx a1 a2 d1 d2 Ir,25,-3.0,0.1,-0.01,-0.02,0.30016769428517165,0.2,1.9182934926083277,1.9451758653963573,-1.0,0,0,48,49,0.1564120299026504,[56.24491103]
0,678,7,xc1 dx a1 a2 d1 d2 Ir,25,-3.0,0.1,-0.01,-0.02,1.0,0.42751728751031365,1.9493024013617093,2.421471118482422,-1.0,0,0,49,61,0.15487311941115178,[73.2538377]
0,679,7,xc1 dx a1 a2 d1 d2 Ir,25,1.3998917076358828,0.10752465745531005,-0.01,-0.02,0.27409456465997484,0.5024318280442532,1.1806273390167146,1.2048696659772178,-0.7627169920521569,0,0,30,30,4.3795959300568025e-11,[55.9985074]
0,680,7,xc1 dx a1 a2 d1 d2 Ir,25,1.713120445121001,0.4291357986791504,-0.01,-0.02,0.22203872132412164,0.9564658126950347,2.0250763869470125,2.0890253089682846,-0.6719102435441566,0,0,51,52,7.396986628121442e-05,[51.50805452]
0,681,7,xc1 dx a1 a2 d1 d2 Ir,25,-3.0,0.1,-0.01,-0.02,0.2,0.2,1.0984983143004767,1.9493431945248614,-0.1666674271507757,0,0,27,49,0.13767961778698962,[53.6748144]
0,682,7,xc1 dx a1 a2 d1 d2 Ir,25,-3.0,0.1,-0.01,-0.02,0.4354899962663855,0.2,2.5405193100360783,2.7078139868645867,-1.0,0,0,64,68,0.8264731691142074,[75.22969626]
0,683,7,xc1 dx a1 a2 d1 d2 Ir,25,-3.0,1.018798394848454,-0.01,-0.02,0.2,1.0,2.9147039821120444,1.1897008800320237,-1.0,0,0,73,30,159.6084284448835,[3.23235827]
0,684,7,xc1 dx a1 a2 d1 d2 Ir,25,-3.0,0.1,-0.01,-0.02,0.2,0.5503018987008946,1.9043654460832666,1.5183750670790188,-1.0,0,0,48,38,0.15486817581282222,[55.51860009]
0,685,7,xc1 dx a1 a2 d1 d2 Ir,25,1.41325452108198,1.0240891049092447,-0.01,-0.02,0.2700356979108972,0.7534100266967134,1.02981028175754,2.610553058440937,-0.17980207574997792,0,0,26,65,7.198981899134809e-11,[55.99657403]
0,686,7,xc1 dx a1 a2 d1 d2 Ir,25,2.0,0.1,-0.01,-0.02,0.2,1.0,2.6787832984995967,1.76369809261711,-1.0,0,0,67,44,83.42336866709611,[27.21262962]
0,687,7,xc1 dx a1 a2 d1 d2 Ir,25,-0.8178840369463979,0.1,-0.01,-0.02,1.0,0.2,1.9639430884730131,2.931226179187857,-0.8318575203972529,0,0,49,73,2.979448082170399,[53.64457338]
0,688,7,xc1 dx a1 a2 d1 d2 Ir,25,1.5913085775076705,0.9101564484908552,-0.01,-0.02,0.23128577757467,1.0,1.4988389240309057,2.387549516254809,-0.3294590098089597,0,0,37,60,1.588669341333748e-10,[55.9954706]
0,689,7,xc1 dx a1 a2 d1 d2 Ir,25,-3.0,0.1,-0.01,-0.02,0.39899881602015097,0.2,2.878300291455976,2.9818110434550684,-1.0,0,0,72,75,1.2674708163810402,[81.9398796]
0,690,7,xc1 dx a1 a2 d1 d2 Ir,25,-3.0,0.1,-0.01,-0.02,0.2,0.2,1.129765656398743,1.2663445709401047,-0.6344655210804234,0,0,28,32,0.01707739781319223,[45.23021894]
0,691,7,xc1 dx a1 a2 d1 d2 Ir,25,1.9423216486662327,0.12159309916955638,-0.01,-0.02,0.21432815258545407,0.9739611945618424,2.9352873910132944,2.3083826034757715,-0.9890032115610146,0,0,73,58,6.485083458788261e-06,[56.98232388]
0,692,7,xc1 dx a1 a2 d1 d2 Ir,25,1.8243178580938628,0.3032408431239753,-0.01,-0.02,0.26892470150478326,0.8734397026638964,2.007491576446184,1.9025081962872221,-0.753170502237216,0,0,50,48,1.868254363662297e-11,[55.99996023]
0,693,7,xc1 dx a1 a2 d1 d2 Ir,25,-3.0,0.1,-0.01,-0.02,0.2,0.43160178430501156,1.7230069490491784,1.4431923000913256,-1.0,0,0,43,36,0.07258273029055971,[51.47180426]
0,694,7,xc1 dx a1 a2 d1 d2 Ir,25,2.0,0.1,-0.01,-0.02,0.2,1.0,2.6483784381196465,1.5799604100666007,-1.0,0,0,66,39,218.26439896283813,[27.33282003]
0,695,7,xc1 dx a1 a2 d1 d2 Ir,25,-3.0,0.1,-0.01,-0.02,0.2,0.4693380621206805,1.8442256410089408,1.5014688195739911,-1.0,0,0,46,38,0.11038623274619923,[53.73068413]
0,696,7,xc1 dx a1 a2 d1 d2 Ir,25,-3.0,0.1,-0.01,-0.02,0.2,0.2,1.4945231720012067,1.8794674003858878,-0.4554178881741862,0,0,37,47,0.3129823948036231,[54.10629647]
0,697,7,xc1 dx a1 a2 d1 d2 Ir,25,-3.0,0.1,-0.01,-0.02,0.2,0.8734679152266412,2.374033467241246,1.6517495729834655,-1.0,0,0,59,41,0.8528776894610791,[66.30068605]
0,698,7,xc1 dx a1 a2 d1 d2 Ir,25,1.863325195701161,0.4147789696339969,-0.01,-0.02,0.3999336247868963,0.9249119597106068,1.8793980945579802,2.069560362812352,-0.6764957093535816,0,0,47,52,1.2072536292587107e-11,[56.00140308]
0,699,7,xc1 dx a1 a2 d1 d2 Ir,25,1.5732967748478273,0.6433705763016827,-0.01,-0.02,0.3440488114609128,0.22560534925833825,1.310706273157832,2.7361208353567283,-0.3609951606312578,0,0,33,68,9.923816950149888e-11,[55.99639882]
0,700,7,xc1 dx a1 a2 d1 d2 Ir,25,-3.0,0.1,-0.01,-0.02,0.2,0.7499587596079308,2.2292943118780704,1.6476210184469842,-1.0,0,0,56,41,0.5011579156702446,[63.01188002]
0,701,7,xc1 dx a1 a2 d1 d2 Ir,25,1.5941005436834617,0.6119719705496107,-0.01,-0.02,0.2782072689462251,0.8444662932744449,1.4836074700045616,2.066681656588891,-0.4274566724476935,0,0,37,52,6.684799309165035e-11,[55.99931393]
0,702,7,xc1 dx a1 a2 d1 d2 Ir,25,1.8800239396186453,0.3923048864546709,-0.01,-0.02,0.2159578173862946,0.9702208025776622,2.6650904755683245,2.6565517216301267,-0.7859493574000457,0,0,67,66,0.0001496168232284182,[45.03952288]
0,703,7,xc1 dx a1 a2 d1 d2 Ir,25,-3.0,0.1,-0.01,-0.02,0.4635852697287116,0.37579522484794675,1.1555296531689394,1.2064854057774361,-0.9999995852192819,0,0,29,30,0.019504607190883688,[44.31517559]
0,704,7,xc1 dx a1 a2 d1 d2 Ir,25,1.6466557691967725,0.5744896161951354,-0.01,-0.02,0.5319356129153359,0.687905429372383,1.7671497824817912,2.777440133131046,-0.5562610493748886,0,0,44,69,0.00015099479915379668,[45.31642056]
0,705,7,xc1 dx a1 a2 d1 d2 Ir,25,1.215219873819397,0.674304467234562,-0.01,-0.02,0.36618530458078186,0.638922739025775,1.6014244291460533,2.9516527730900526,-0.415550965333855,0,0,40,74,1.819283733494679e-09,[35.98292582]
0,706,7,xc1 dx a1 a2 d1 d2 Ir,25,1.7613202088583886,0.47632230557219374,-0.01,-0.02,0.20000493821004126,0.9330959442726339,2.003998094338729,2.10290913993447,-0.6281265468438415,0,0,50,53,2.0269192894468978e-05,[53.97099759]
0,707,7,xc1 dx a1 a2 d1 d2 Ir,25,-3.0,0.2990745655684667,-0.01,-0.02,0.2,0.9612211834962355,1.927356416903507,1.0038989857777842,-1.0,0,0,48,25,1.9964386677943022,[66.83594174]
0,708,7,xc1 dx a1 a2 d1 d2 Ir,25,-3.0,0.1,-0.01,-0.02,0.37645023937682953,0.2,1.582901703262171,1.705822896479153,-1.0,0,0,40,43,0.07076230511612147,[51.41645207]
0,709,7,xc1 dx a1 a2 d1 d2 Ir,25,1.4093806430222737,0.27328582971261267,-0.01,-0.02,0.41884544514950667,0.47258304507341475,1.992854854134005,2.5855885008176642,-0.7139191193962866,0,0,50,65,5.271736844231022e-10,[35.99070977]
0,710,7,xc1 dx a1 a2 d1 d2 Ir,25,-3.0,0.1,-0.01,-0.02,0.2,0.5867507455451318,2.062781170591548,1.6591499194492028,-1.0,0,0,52,41,0.25390833292040105,[58.88548395]
0,711,7,xc1 dx a1 a2 d1 d2 Ir,25,-3.0,0.5000209645377837,-0.01,-0.02,0.2,1.0,2.649825874661642,1.4448151734016887,-1.0,0,0,66,36,23.878382878576904,[81.17333174]
0,712,7,xc1 dx a1 a2 d1 d2 Ir,25,-3.0,0.1,-0.01,-0.02,0.2,0.2,1.1132661349430726,1.5905173337792122,-0.3363478086921286,0,0,28,40,0.05794337846588012,[49.29181165]
0,713,7,xc1 dx a1 a2 d1 d2 Ir,25,1.7976616475890528,0.5552607407799269,-0.01,-0.02,0.8297604265271,0.21944473661819552,1.127855692252406,2.8469050765377615,-0.4258046288940598,0,0,28,71,6.002278832061143e-11,[55.99689493]
0,714,7,xc1 dx a1 a2 d1 d2 Ir,25,1.70378833882984,0.2938452757226724,-0.01,-0.02,0.29638130842751464,0.7417960983832048,2.5944721547376766,2.7786162753920305,-0.8047040184502231,0,0,65,69,4.226994046586829e-05,[39.11968486]
0,715,7,xc1 dx a1 a2 d1 d2 Ir,25,-3.0,0.1,-0.01,-0.02,0.2,0.6246426341679717,2.2161700000760662,1.7082994687083306,-1.0,0,0,55,43,0.36453846522945166,[61.62153835]
0,716,7,xc1 dx a1 a2 d1 d2 Ir,25,-3.0,0.1087061021212419,-0.01,-0.02,0.2,1.0,2.8250950377139388,1.9789167517146231,-1.0,0,0,71,49,3.242941107713811,[82.9923691]
0,717,7,xc1 dx a1 a2 d1 d2 Ir,25,-3.0,0.1,-0.01,-0.02,0.2,0.6745542179219626,1.9824319477577126,1.4960380951019447,-1.0,0,0,50,37,0.23707061864965134,[57.60318133]
0,718,7,xc1 dx a1 a2 d1 d2 Ir,25,-3.0,0.1,-0.01,-0.02,0.2,0.6874112709115915,2.95303395989766,2.3868033500344885,-1.0,0,0,74,60,1.6510628519275738,[79.76217769]
0,719,7,xc1 dx a1 a2 d1 d2 Ir,25,-3.0,0.1,-0.01,-0.02,0.2,0.5306856522110523,2.6338922055177068,2.2380170884833976,-1.0,0,0,66,56,0.8234345943919474,[71.89256526]
0,720,7,xc1 dx a1 a2 d1 d2 Ir,25,-3.0,0.1,-0.01,-0.02,0.2,0.9047119982395909,1.882707572896888,1.1688038032115327,-1.0,0,0,47,29,0.2873185717150486,[56.70522867]
0,721,7,xc1 dx a1 a2 d1 d2 Ir,25,-3.0,0.3261366199564009,-0.01,-0.02,0.2,1.0,2.9252829348821923,1.8386612919275775,-1.0,0,0,73,46,17.168050128895185,[85.4302765]
0,722,7,xc1 dx a1 a2 d1 d2 Ir,25,-3.0,0.1,-0.01,-0.02,0.2501741213652362,0.2,1.5572078101014237,1.546445432648974,-1.0,0,0,39,39,0.04317287778786841,[48.51376893]
0,723,7,xc1 dx a1 a2 d1 d2 Ir,25,-3.0,0.1,-0.01,-0.02,0.2,0.49247667340173257,2.526586591341811,2.1559509209632868,-1.0,0,0,63,54,0.6306517711998311,[68.85776117]
0,724,7,xc1 dx a1 a2 d1 d2 Ir,25,1.635146359060624,0.31032051823382567,-0.01,-0.02,0.3097135546563933,0.6340153234471962,1.5650966197613017,1.8486593038643593,-0.6198837536758532,0,0,39,46,2.2342438461763138e-12,[55.99990308]
0,725,7,xc1 dx a1 a2 d1 d2 Ir,25,-3.0,0.1,-0.01,-0.02,1.0,0.22763187184166042,2.1032999474749965,2.78067166615008,-1.0,0,0,53,70,0.18892997121685443,[77.5169724]
0,726,7,xc1 dx a1 a2 d1 d2 Ir,25,1.9565635081927892,0.31271950147467376,-0.01,-0.02,0.528372857627464,0.27274974768484794,1.7961186414237287,2.6365937761658733,-0.6954204313296662,0,0,45,66,1.9334815140723116e-12,[55.9999849]
0,727,7,xc1 dx a1 a2 d1 d2 Ir,25,2.0,0.1,-0.01,-0.02,0.2,1.0,2.8043963383181207,1.3166749610877604,-1.0,0,0,70,33,825.9606039089311,[26.88116936]
0,728,7,xc1 dx a1 a2 d1 d2 Ir,25,1.8785472574390183,0.4104398886596812,-0.01,-0.02,0.39388406180229035,1.0,2.2679851369309945,2.3836356998019665,-0.7522164995712285,0,0,57,60,0.000129258809657453,[48.81248311]
0,729,7,xc1 dx a1 a2 d1 d2 Ir,25,-3.0,0.1,-0.01,-0.02,0.2,0.6928116344645054,2.7043794807269546,2.1745044327311804,-1.0,0,0,68,54,1.1715353856485144,[74.16637969]
0,730,7,xc1 dx a1 a2 d1 d2 Ir,25,-3.0,0.1,-0.01,-0.02,0.2,0.8076848207831557,1.9731707447595528,1.3214437109580262,-1.0,0,0,49,33,0.28113281736792334,[57.53257955]
0,731,7,xc1 dx a1 a2 d1 d2 Ir,25,2.0,0.1,-0.01,-0.02,0.2,1.0,2.9933089757448785,1.0093540458010661,-1.0,0,0,75,25,2038.7013906984212,[28.42268138]
0,732,7,xc1 dx a1 a2 d1 d2 Ir,25,1.6316407976005416,1.0287215946169186,-0.01,-0.02,0.264592180571947,0.8074196935631794,1.4987697612156679,2.8567818362230146,-0.3058897545195226,0,0,37,71,3.8254798109809295e-10,[55.99264948]
0,733,7,xc1 dx a1 a2 d1 d2 Ir,25,-3.0,0.1,-0.01,-0.02,0.2,0.48627493932733584,2.837186882407831,2.4864418721367043,-1.0,0,0,71,62,1.1011525184970092,[76.73082428]
0,734,7,xc1 dx a1 a2 d1 d2 Ir,25,1.7008108091793437,0.12720583624258316,-0.01,-0.02,0.2,1.0,2.737346326616567,2.099047461888846,-1.0,0,0,68,52,3.19096015566906e-07,[56.22601224]
0,735,7,xc1 dx a1 a2 d1 d2 Ir,25,-3.0,0.1,-0.01,-0.02,0.2,0.2,1.387493134246543,1.6390473363677938,-0.5814655917519266,0,0,35,41,0.10954302487315164,[50.43636895]
0,736,7,xc1 dx a1 a2 d1 d2 Ir,25,-3.0,0.9768509670698643,-0.01,-0.02,0.2,1.0,2.7735420841596534,1.1368492354864133,-1.0,0,0,69,28,114.37967333557988,[89.82061603]
0,737,7,xc1 dx a1 a2 d1 d2 Ir,25,-3.0,0.1,-0.01,-0.02,0.2,0.3092836643318517,1.6733077128695626,1.534878622757434,-1.0,0,0,42,38,0.05798674355859937,[50.49857894]
0,738,7,xc1 dx a1 a2 d1 d2 Ir,25,1.5813159098271798,0.2916121465978242,-0.01,-0.02,0.5319145386653561,0.6076113676730847,2.2748273653109736,2.860482041727888,-0.7634332704916842,0,0,57,72,7.110424187492192e-06,[34.97288163]
0,739,7,xc1 dx a1 a2 d1 d2 Ir,25,-3.0,0.1,-0.01,-0.02,0.2,0.32148763177084316,1.2748997663803294,1.1356203765092359,-1.0,0,0,32,28,0.01280197282513354,[44.5021804]
0,740,7,xc1 dx a1 a2 d1 d2 Ir,25,-3.0,0.1,-0.01,-0.02,0.2814948935856509,0.2,1.1449822890009849,1.211842670254786,-1.0,0,0,29,30,0.009866732264673203,[42.95945942]
0,741,7,xc1 dx a1 a2 d1 d2 Ir,25,2.0,0.3472032606826232,-0.01,-0.02,0.5703056562942177,0.25628827511626945,1.9187932960570426,2.8892846404854273,-0.7024831248906803,0,0,48,72,2.7639918066859155e-05,[53.57754817]
0,742,7,xc1 dx a1 a2 d1 d2 Ir,25,-3.0,0.1,-0.01,-0.02,0.23398606654945064,0.2,2.755232596313645,2.732725346497327,-1.0,0,0,69,68,0.8967652265776088,[74.99194047]
0,743,7,xc1 dx a1 a2 d1 d2 Ir,25,-0.8097526691899001,0.1,-0.01,-0.02,1.0,0.2,1.8487240333719037,2.8026196858827204,-0.8206279993431063,0,0,46,70,2.880336626070843,[55.10047736]
0,744,7,xc1 dx a1 a2 d1 d2 Ir,25,2.0,0.24506281018859685,-0.01,-0.02,0.2,0.2,1.004814928154895,1.637005959823752,-0.3508473994851304,0,0,25,41,0.0528651745270014,[6.05784985]
0,745,7,xc1 dx a1 a2 d1 d2 Ir,25,1.4751005028200483,0.42091430197867974,-0.01,-0.02,0.4530529691034352,0.3275476850996324,1.0582736643111543,2.084283327991889,-0.38355217559588284,0,0,26,52,9.656518395207518e-12,[56.00019383]
0,746,7,xc1 dx a1 a2 d1 d2 Ir,25,-3.0,0.1,-0.01,-0.02,0.5166660958603165,0.2,2.472856842019034,2.7376246400704813,-1.0,0,0,62,68,0.7709615067746735,[75.39051999]
0,747,7,xc1 dx a1 a2 d1 d2 Ir,25,-3.0,0.1,-0.01,-0.02,0.2,0.26070681170984616,2.012098618088823,1.8694620844675724,-1.0,0,0,50,47,0.15424449952618252,[56.4744137]
0,748,7,xc1 dx a1 a2 d1 d2 Ir,25,-3.0,0.1,-0.01,-0.02,0.2531721355059474,0.2,1.663057035834127,1.668050031050591,-1.0,0,0,42,42,0.06579957745384037,[50.62373037]
0,749,7,xc1 dx a1 a2 d1 d2 Ir,25,1.5442896286822576,0.8025428791737393,-0.01,-0.02,0.3683103281518121,0.9105114139868296,1.862541680272718,2.968019123180837,-0.4848936905838515,0,0,47,74,0.00012454344657189965,[42.9007987]
0,750,7,xc1 dx a1 a2 d1 d2 Ir,25,-3.0,0.9217599766291551,-0.01,-0.02,0.2,1.0,2.8137846297106583,1.20345854209844,-1.0,0,0,70,30,107.04886623370147,[89.68553927]
0,751,7,xc1 dx a1 a2 d1 d2 Ir,25,1.7154367337437169,0.4940520339738191,-0.01,-0.02,0.46903942767195717,0.7827584627922632,1.8618355773112296,2.5336830308552907,-0.6188983599772558,0,0,47,63,0.00014517012137880048,[47.55116505]
0,752,7,xc1 dx a1 a2 d1 d2 Ir,25,1.4374793797052552,0.5857707199140294,-0.01,-0.02,0.2558635975466592,0.21640263567246062,1.176856408300967,2.4441049654841684,-0.2975086042054338,0,0,29,61,3.040434468066985e-11,[55.99777413]
0,753,7,xc1 dx a1 a2 d1 d2 Ir,25,1.2352161270669906,0.34125212026698165,-0.01,-0.02,0.6818673970627405,0.7774814315223881,1.3162129229969395,2.074501643632586,-0.5588541387064156,0,0,33,52,2.048291132692081e-10,[35.99471486]
0,754,7,xc1 dx a1 a2 d1 d2 Ir,25,-3.0,0.1,-0.01,-0.02,0.24158473897141447,0.2,1.2356240402095713,1.2428207103283508,-1.0,0,0,31,31,0.0120124548102147,[43.54913576]
0,755,7,xc1 dx a1 a2 d1 d2 Ir,25,1.735130314341691,0.6076150241745467,-0.01,-0.02,0.37468516540132857,0.6785062052715487,1.744073420612203,2.58234602531878,-0.5216051223812272,0,0,44,65,5.354462615312148e-05,[52.38208309]
0,756,7,xc1 dx a1 a2 d1 d2 Ir,25,-3.0,0.1,-0.01,-0.02,0.49693582839555667,0.2,1.2042259737578738,1.4555941456192765,-1.0,0,0,30,36,0.022122351693766862,[46.50138785]
0,757,7,xc1 dx a1 a2 d1 d2 Ir,25,1.740688344184223,0.10737722473419702,-0.01,-0.02,0.44253946445285425,0.4793445164377291,2.6516986850008193,2.8459588553291604,-0.9185938906281798,0,0,66,71,1.6070849459607165e-10,[36.00513034]
0,758,7,xc1 dx a1 a2 d1 d2 Ir,25,-3.0,0.1,-0.01,-0.02,0.2,0.2,2.022222530111624,2.917913578420441,-0.31327945251512546,0,0,51,73,12.848765032795038,[74.34270688]
0,759,7,xc1 dx a1 a2 d1 d2 Ir,25,-3.0,0.1,-0.01,-0.02,0.2,0.8225546947116493,2.548770669106637,1.895886224483872,-1.0,0,0,64,47,1.1283882938102465,[70.73046958]
0,760,7,xc1 dx a1 a2 d1 d2 Ir,25,-3.0,0.1,-0.01,-0.02,0.2,0.29489531870102154,2.288898622056473,2.1247047030919983,-1.0,0,0,57,53,0.3266195574352201,[62.7513661]
0,761,7,xc1 dx a1 a2 d1 d2 Ir,25,-3.0,0.1,-0.01,-0.02,0.2,0.2874068061441297,2.6991827982290393,2.5062696801223794,-1.0,0,0,67,63,0.7558883167344776,[72.62530689]
0,762,7,xc1 dx a1 a2 d1 d2 Ir,25,1.405476938785129,0.2049410626061789,-0.01,-0.02,0.2461759904038528,0.4633595096341978,1.1802956660487547,1.4311094976422258,-0.5751722418575778,0,0,30,36,2.6131629033768742e-11,[55.99797989]
0,763,7,xc1 dx a1 a2 d1 d2 Ir,25,1.876330992283356,0.6094270853784483,-0.01,-0.02,0.2,0.8393537662625761,2.0297521219141124,2.4754615772226964,-0.563267847176055,0,0,51,62,5.8365843881890445e-12,[55.9990262]
0,764,7,xc1 dx a1 a2 d1 d2 Ir,25,1.9980595415361933,0.7146374500097494,-0.01,-0.02,0.21321396106295,0.9613878090610142,2.274414606487401,2.7618110239088973,-0.5883298706871034,0,0,57,69,1.1680285440466883e-05,[54.50397965]
0,765,7,xc1 dx a1 a2 d1 d2 Ir,25,-3.0,0.1,-0.01,-0.02,0.3558799618964402,0.2,2.7365941976492376,2.785173489392112,-1.0,0,0,68,70,0.9820409491028989,[77.12342286]
0,766,7,xc1 dx a1 a2 d1 d2 Ir,25,-3.0,0.1,-0.01,-0.02,0.2,0.9583769854713682,2.413091110369095,1.6178116433280965,-1.0,0,0,60,40,1.1359301394536463,[67.66636607]
0,767,7,xc1 dx a1 a2 d1 d2 Ir,25,2.0,0.1,-0.01,-0.02,0.2,1.0,2.385989121482054,1.5890965144568736,-1.0,0,0,60,40,20.12580748165797,[37.57986617]
0,768,7,xc1 dx a1 a2 d1 d2 Ir,25,-3.0,0.1,-0.01,-0.02,0.2,0.7301673493741613,2.8690512499893663,2.266860734605932,-1.0,0,0,72,57,1.5871806708509628,[78.02260199]
0,769,7,xc1 dx a1 a2 d1 d2 Ir,25,-3.0,0.1,-0.01,-0.02,0.2,0.2,1.0017175647745824,2.082321979322974,-0.11300856013331309,0,0,25,52,0.12998434973791376,[55.04318928]
0,770,7,xc1 dx a1 a2 d1 d2 Ir,25,-3.0,0.1,-0.01,-0.02,0.2,0.32289056504975944,1.2500539979227874,1.0700253370839419,-1.0,0,0,31,27,0.01078595242853986,[43.95914161]
0,771,7,xc1 dx a1 a2 d1 d2 Ir,25,1.4667940343233656,0.10056237026794661,-0.01,-0.02,0.38391278015727603,0.8418497494765066,1.605125122849715,1.2890592447789524,-0.9759734057797043,0,0,40,32,1.5126848214747677e-10,[56.00497424]
0,772,7,xc1 dx a1 a2 d1 d2 Ir,25,-3.0,0.1,-0.01,-0.02,0.2,0.2,1.385937767421386,1.646274663176666,-0.5814655620473315,0,0,35,41,0.10954302487329035,[50.43637823]
0,773,7,xc1 dx a1 a2 d1 d2 Ir,25,-3.0,0.1,-0.01,-0.02,0.2,0.21135079705335733,2.4315646954346146,2.369076448340087,-1.0,0,0,61,59,0.46136206788825407,[66.56634867]
0,774,7,xc1 dx a1 a2 d1 d2 Ir,25,-3.0,0.4378991808869166,-0.01,-0.02,0.2,1.0,2.4287673191593244,1.3156350437496267,-1.0,0,0,61,33,12.84799585122802,[76.27533844]
0,775,7,xc1 dx a1 a2 d1 d2 Ir,25,-3.0,1.0957431978527028,-0.01,-0.02,0.2,1.0,2.803282267140469,1.0396132321413136,-1.0,0,0,70,26,158.2998488820183,[2.48873407]
0,776,7,xc1 dx a1 a2 d1 d2 Ir,25,-3.0,0.1,-0.01,-0.02,0.21509753459452838,0.2,1.000507988997304,2.2348457048385892,-0.1,0,0,25,56,0.20435113041095085,[53.9428378]
0,777,7,xc1 dx a1 a2 d1 d2 Ir,25,-3.0,0.1,-0.01,-0.02,0.2,0.2,1.6722872933400355,2.5046327120062317,-0.2701445974810629,0,0,42,63,2.8936693178291213,[65.04311266]
0,778,7,xc1 dx a1 a2 d1 d2 Ir,25,-3.0,0.1,-0.01,-0.02,0.2,0.24534138398219701,2.794437068929776,2.6663823410325573,-1.0,0,0,70,67,0.9169381577490493,[75.58598337]
0,779,7,xc1 dx a1 a2 d1 d2 Ir,25,1.5189064357316255,0.13347609434265117,-0.01,-0.02,0.25691199782664376,0.37986940540743014,1.3867190215564338,1.573234368630637,-0.7396083064282966,0,0,35,39,5.214490987639338e-12,[56.00092035]
0,780,7,xc1 dx a1 a2 d1 d2 Ir,25,-3.0,0.1,-0.01,-0.02,0.2,0.2,1.3683403203917843,2.6928597124571763,-0.1198565226769784,0,0,34,67,1.6444539160996385,[65.79253031]
0,781,7,xc1 dx a1 a2 d1 d2 Ir,25,-3.0,0.1,-0.01,-0.02,0.2,0.2,1.5314724014523977,2.5387445195043163,-0.20074944115288318,0,0,38,63,1.9815771160093976,[64.07274798]
0,782,7,xc1 dx a1 a2 d1 d2 Ir,25,1.6455513755149442,0.2836058640291606,-0.01,-0.02,0.2987044133246806,0.8664611599016002,2.8986118771371956,2.9177433377615163,-0.8412037677740356,0,0,72,73,2.314561860597723e-06,[35.40177785]
0,783,7,xc1 dx a1 a2 d1 d2 Ir,25,-3.0,0.6294702159606306,-0.01,-0.02,0.2,1.0,2.4745022833318,1.2171408469318639,-1.0,0,0,62,30,27.63829216147558,[79.45468237]
0,784,7,xc1 dx a1 a2 d1 d2 Ir,25,1.6593374189861956,0.908503455538738,-0.01,-0.02,0.20160291491322546,0.5391896306609077,1.6118928738647011,2.9457675559902374,-0.3411862382814466,0,0,40,74,2.7127410397084345e-09,[55.97912569]
0,785,7,xc1 dx a1 a2 d1 d2 Ir,25,-3.0,1.2141262129879589,-0.01,-0.02,0.2,1.0,2.9402362549769365,1.0569007119673182,-1.0,0,0,74,26,254.2524075883442,[7.11884111]
0,786,7,xc1 dx a1 a2 d1 d2 Ir,25,1.9947953602969597,0.30131000865981905,-0.01,-0.02,0.30506061469862256,0.7103964790769437,2.16080741177681,2.295494274621852,-0.761830287253471,0,0,54,57,2.5499567910961627e-07,[56.20240849]
0,787,7,xc1 dx a1 a2 d1 d2 Ir,25,-3.0,0.1,-0.01,-0.02,0.2,0.2,1.5136673114210193,2.312420469501978,-0.25944618153190946,0,0,38,58,1.262439169602576,[60.87650751]
0,788,7,xc1 dx a1 a2 d1 d2 Ir,25,-3.0,0.1,-0.01,-0.02,0.25585235229116254,0.2,2.3046246749759436,2.3992133756604095,-0.8872304709856128,0,0,58,60,1.267459466215965,[69.53668387]
0,789,7,xc1 dx a1 a2 d1 d2 Ir,25,-3.0,0.1,-0.01,-0.02,0.2107318266684083,0.2,1.6209715981351553,1.6166137096570523,-1.0,0,0,41,40,0.05038082211597231,[49.18573249]
0,790,7,xc1 dx a1 a2 d1 d2 Ir,25,1.747624133858527,0.5194774177152538,-0.01,-0.02,0.2,0.935919341449535,1.9750160360248072,2.157847883380818,-0.5950992209082672,0,0,49,54,1.9287837861293367e-05,[54.02682485]
0,791,7,xc1 dx a1 a2 d1 d2 Ir,25,1.6619209958741985,0.4283241901079634,-0.01,-0.02,0.2553270788686193,0.8183881936122387,1.8193597169417717,2.032726227072781,-0.6057399547842578,0,0,45,51,3.7392305025104584e-05,[53.10454854]
0,792,7,xc1 dx a1 a2 d1 d2 Ir,25,-3.0,0.1,-0.01,-0.02,1.0,0.5096047187161423,2.4102565215189804,2.8061965400899274,-1.0,0,0,60,70,0.4210865708203296,[86.41269949]
0,793,7,xc1 dx a1 a2 d1 d2 Ir,25,1.7179397734757875,0.7127793243935003,-0.01,-0.02,0.25716200144945406,0.7494629887413172,1.8962032088044931,2.724337972043352,-0.490782496414665,0,0,47,68,7.122716050630573e-05,[51.62497301]
0,794,7,xc1 dx a1 a2 d1 d2 Ir,25,-3.0,1.1325707358185177,-0.01,-0.02,0.2,1.0,2.9427850307593912,1.1291129148633723,-1.0,0,0,74,28,215.34337895873355,[5.70089512]
0,795,7,xc1 dx a1 a2 d1 d2 Ir,25,-3.0,0.343086834180874,-0.01,-0.02,0.2,1.0,2.756968650182534,1.6821181363146165,-1.0,0,0,69,42,14.84828687706175,[82.2358474]
0,796,7,xc1 dx a1 a2 d1 d2 Ir,25,-3.0,0.1,-0.01,-0.02,0.2,0.9451437124288494,2.6866635744486933,1.8872683573088034,-1.0,0,0,67,47,1.823030548537723,[74.06359621]
0,797,7,xc1 dx a1 a2 d1 d2 Ir,25,2.0,0.1,-0.01,-0.02,0.2,1.0,1.9551962540299261,1.016926074564328,-1.0,0,0,49,25,68.45716431758112,[45.05270218]
0,798,7,xc1 dx a1 a2 d1 d2 Ir,25,-3.0,0.1,-0.01,-0.02,0.2,0.2,1.911527411395957,2.423221333765821,-0.4466180673121651,0,0,48,61,3.322372837669432,[65.33154639]
0,799,7,xc1 dx a1 a2 d1 d2 Ir,25,1.3597575871719014,0.1,-0.01,-0.02,0.2,0.689869609171059,1.3605056165602656,1.0449984249402753,-0.8894462591506128,0,0,34,26,2.4016150319783485e-12,[56.00042713]
0,800,7,xc1 dx a1 a2 d1 d2 Ir,25,1.711006514900694,0.24973332103563323,-0.01,-0.02,0.2,1.0,2.021565540385089,1.6276280388900917,-0.8390839243626466,0,0,51,41,6.48859852287139e-11,[55.99673762]
0,801,7,xc1 dx a1 a2 d1 d2 Ir,25,-3.0,0.1,-0.01,-0.02,1.0,0.3069969676248236,1.992853933891367,2.610496835094808,-1.0,0,0,50,65,0.14828331463185485,[73.82858374]
0,802,7,xc1 dx a1 a2 d1 d2 Ir,25,1.5415412274035172,1.092690443497934,-0.01,-0.02,0.20916978621755639,0.8306374036702893,1.3698490261917733,2.801535276596222,-0.24665943549036148,0,0,34,70,1.3969342747031913e-11,[56.00006454]
0,803,7,xc1 dx a1 a2 d1 d2 Ir,25,-3.0,0.7545398116822073,-0.01,-0.02,0.2,1.0,2.9631507121558185,1.4804952476657476,-1.0,0,0,74,37,87.72214742137054,[0.30505651]
0,804,7,xc1 dx a1 a2 d1 d2 Ir,25,-3.0,0.1,-0.01,-0.02,0.2996050430828395,0.2,1.1280650979232185,2.6724768863745263,-0.1,0,0,28,67,1.0933266159122519,[60.46433753]
0,805,7,xc1 dx a1 a2 d1 d2 Ir,25,-3.0,0.1106568608439171,-0.01,-0.02,0.2,1.0,2.803753710780347,1.9302291232435016,-1.0,0,0,70,48,3.128332417705768,[82.10268374]
0,806,7,xc1 dx a1 a2 d1 d2 Ir,25,1.8966809531207667,0.17735373009968086,-0.01,-0.02,0.28021672290274535,0.7987234503951264,2.786738981324145,2.5889973823986794,-0.9094040628386801,0,0,70,65,0.00014203517852900632,[44.13823225]
0,807,7,xc1 dx a1 a2 d1 d2 Ir,25,-3.0,0.1,-0.01,-0.02,0.20320043238448143,0.2,1.354519628832173,1.310585434578052,-1.0,0,0,34,33,0.017139709289892523,[44.72255568]
0,808,7,xc1 dx a1 a2 d1 d2 Ir,25,-3.0,0.6839691777444391,-0.01,-0.02,0.2,1.0,2.875209432255838,1.4736721199462404,-1.0,0,0,72,37,64.16066952279762,[87.99693707]
0,809,7,xc1 dx a1 a2 d1 d2 Ir,25,-3.0,0.1,-0.01,-0.02,0.2,0.2,1.611313457081804,2.9373494511776475,-0.14806393252557565,0,0,40,73,5.025981870568848,[71.02337451]
0,810,7,xc1 dx a1 a2 d1 d2 Ir,25,-3.0,0.1,-0.01,-0.02,0.2,0.20406044948185492,2.8872134334268846,2.8122554609841135,-1.0,0,0,72,70,1.0304940817814525,[77.51478224]
0,811,7,xc1 dx a1 a2 d1 d2 Ir,25,1.999999839856045,0.1,-0.01,-0.02,0.20289318198580872,0.5445856204152512,2.904148746219578,2.761107516715007,-0.944245233123417,0,0,73,69,0.0001422340314538528,[44.1559971]
0,812,7,xc1 dx a1 a2 d1 d2 Ir,25,-3.0,0.1,-0.01,-0.02,0.6383766210424736,0.2,2.2900878636295072,2.6327516103339574,-1.0,0,0,57,66,0.5655001325603206,[73.61737869]
0,813,7,xc1 dx a1 a2 d1 d2 Ir,25,1.619754613406152,0.10000258437979717,-0.01,-0.02,0.4738467706413602,0.8552534418530502,1.775663426349134,1.5291959369889678,-0.9671534821298616,0,0,44,38,2.1503330148000257e-11,[56.00057432]
0,814,7,xc1 dx a1 a2 d1 d2 Ir,25,-3.0,0.1588532598996162,-0.01,-0.02,0.2,1.0,2.761186140259591,1.8327236798457784,-1.0,0,0,69,46,4.609303353150471,[81.23146739]
0,815,7,xc1 dx a1 a2 d1 d2 Ir,25,1.6342443781029055,0.5100365374513054,-0.01,-0.02,0.54516990834014,0.672830373702337,1.244334645965374,2.1318313491972236,-0.44876018058371,0,0,31,53,2.6565310637761376e-11,[55.99805509]
0,816,7,xc1 dx a1 a2 d1 d2 Ir,25,-3.0,0.1,-0.01,-0.02,0.2,0.3256297247784567,2.7813923256168387,2.5815000738624896,-1.0,0,0,70,65,0.9388245732005654,[75.63007949]
0,817,7,xc1 dx a1 a2 d1 d2 Ir,25,-3.0,0.1,-0.01,-0.02,0.2,0.7516384049535582,2.186265298466992,1.600007835994641,-1.0,0,0,55,40,0.4577237909254507,[62.1392316]
0,818,7,xc1 dx a1 a2 d1 d2 Ir,25,1.8633384435293674,0.5030430847857605,-0.01,-0.02,0.8833937575306282,0.2504059010999066,1.1503458699184048,2.817229000937862,-0.4644943015199428,0,0,29,70,3.8004143485877787e-11,[55.99751521]
0,819,7,xc1 dx a1 a2 d1 d2 Ir,25,-3.0,0.1,-0.01,-0.02,0.2,0.6928116340203148,2.7008438301867015,2.158177901367276,-1.0,0,0,68,54,1.1715353856485216,[74.16637989]
0,820,7,xc1 dx a1 a2 d1 d2 Ir,25,1.4843543302106552,0.1,-0.01,-0.02,0.2,0.37196498556701285,1.3806632755319923,1.4477547669487496,-0.7886564064673408,0,0,35,36,7.161806414186182e-12,[56.0009424]
0,821,7,xc1 dx a1 a2 d1 d2 Ir,25,1.5844132118683625,0.9442111526637684,-0.01,-0.02,0.2000004548169141,0.8886106075019313,1.4613358541943673,2.571878538933276,-0.3073094007703936,0,0,37,64,5.391382730705668e-11,[55.99997941]
0,822,7,xc1 dx a1 a2 d1 d2 Ir,25,1.7595866627363261,0.3085045199288292,-0.01,-0.02,0.27574436764624055,0.8600140108699763,1.8972458585525602,1.8536879382224483,-0.7260784702579139,0,0,47,46,2.1958370979421203e-10,[55.99404052]
0,823,7,xc1 dx a1 a2 d1 d2 Ir,25,-3.0,0.1,-0.01,-0.02,0.31179237197636334,0.2,2.5385398498217935,2.540737104439673,-1.0,0,0,63,64,0.6612966633120955,[70.93750339]
0,824,7,xc1 dx a1 a2 d1 d2 Ir,25,1.3711934479146943,0.2248713032398038,-0.01,-0.02,0.2568951349169242,0.872795095449491,1.2889705583202016,1.095213915329373,-0.7041088447781764,0,0,32,27,7.562314378900423e-12,[55.99902534]
0,825,7,xc1 dx a1 a2 d1 d2 Ir,25,2.0,1.9267291469972496,-0.01,-0.02,0.2,0.5312877022731848,1.2264223938297614,2.742700394113327,-0.46024817521791594,0,0,31,69,15.089043510772946,[29.73922748]
0,826,7,xc1 dx a1 a2 d1 d2 Ir,25,-3.0,0.1,-0.01,-0.02,0.22270891640095578,0.5108125381682218,1.3771369847322201,1.0303508635214453,-1.0,0,0,34,26,0.023899379586800756,[47.31143275]
0,827,7,xc1 dx a1 a2 d1 d2 Ir,25,-3.0,0.1,-0.01,-0.02,0.2,0.9012453023989561,2.720169467574678,1.9545904219557868,-1.0,0,0,68,49,1.755180280837042,[74.80954141]
0,828,7,xc1 dx a1 a2 d1 d2 Ir,25,-3.0,0.1,-0.01,-0.02,0.2,0.5361163348670732,2.4114673639101207,2.003032217987262,-1.0,0,0,60,50,0.5135592658242699,[66.01311928]
0,829,7,xc1 dx a1 a2 d1 d2 Ir,25,1.527658939081113,0.4328457680720743,-0.01,-0.02,0.5323400989631396,0.2999096629635132,1.0385285362828973,2.2191503868624682,-0.3968588208061331,0,0,26,55,3.807501869651704e-12,[56.00071387]
0,830,7,xc1 dx a1 a2 d1 d2 Ir,25,-3.0,0.1,-0.01,-0.02,0.2,0.2,1.541216827070441,2.6818673706802865,-0.17898269710384054,0,0,39,67,3.014291719226331,[66.91159274]
0,831,7,xc1 dx a1 a2 d1 d2 Ir,25,-3.0,0.6917151712353663,-0.01,-0.02,0.2,1.0,2.8448951863386562,1.4562151359365858,-1.0,0,0,71,36,61.96403182278749,[87.34237233]
0,832,7,xc1 dx a1 a2 d1 d2 Ir,25,1.6877177409463402,0.36066311159117453,-0.01,-0.02,0.27195741211783664,0.916475465173382,1.767950558768988,1.7577737538913987,-0.6683800811244326,0,0,44,44,7.952173978355685e-11,[56.0007542]
0,833,7,xc1 dx a1 a2 d1 d2 Ir,25,-3.0,0.10684831301708184,-0.01,-0.02,0.2,1.0,2.862420789811672,1.997813428516104,-1.0,0,0,72,50,3.356810837231441,[83.87016934]
0,834,7,xc1 dx a1 a2 d1 d2 Ir,25,-3.0,0.1,-0.01,-0.02,0.31735572836180165,0.2,2.879372002349752,2.9195815443974853,-1.0,0,0,72,73,1.1838435403842797,[79.98006896]
0,835,7,xc1 dx a1 a2 d1 d2 Ir,25,2.0,0.1,-0.01,-0.02,0.2,1.0,2.911322965876181,1.7338517325808331,-1.0,0,0,73,43,388.6917146067726,[21.64554777]
0,836,7,xc1 dx a1 a2 d1 d2 Ir,25,-3.0,1.072056521621232,-0.01,-0.02,0.2,1.0,2.8759645076669322,1.1305492943750595,-1.0,0,0,72,28,169.52460328628655,[3.42053829]
0,837,7,xc1 dx a1 a2 d1 d2 Ir,25,-3.0,0.49327870026701415,-0.01,-0.02,0.2,1.0,2.661811264359632,1.4910767367751727,-1.0,0,0,67,37,24.928029602643463,[81.93539447]
0,838,7,xc1 dx a1 a2 d1 d2 Ir,25,-3.0,1.0913957237604923,-0.01,-0.02,0.2,1.0,2.950641914860685,1.1528355108430786,-1.0,0,0,74,29,197.44418380604336,[5.02170247]
0,839,7,xc1 dx a1 a2 d1 d2 Ir,25,-3.0,0.1,-0.01,-0.02,0.5977922204704252,0.2,2.3427416891358326,2.6714840415849594,-1.0,0,0,59,67,0.6500280646438574,[74.555967]
0,840,7,xc1 dx a1 a2 d1 d2 Ir,25,-3.0,0.1,-0.01,-0.02,0.2,0.2,1.6993115428594419,2.4302251056423403,-0.2984082351772767,0,0,42,61,2.3897738483619233,[63.73557576]
0,841,7,xc1 dx a1 a2 d1 d2 Ir,25,-3.0,0.7630763496814924,-0.01,-0.02,0.2,1.0,2.9364484684741416,1.4266687710050319,-1.0,0,0,73,36,84.98855424859988,[89.66781828]
0,842,7,xc1 dx a1 a2 d1 d2 Ir,25,1.9938651536319372,0.13476590780220882,-0.01,-0.02,0.20306615579894158,0.9840960892527802,2.829007413801344,2.2397850019445724,-0.9788663965848485,0,0,71,56,1.1166463077163883e-05,[57.27137044]
0,843,7,xc1 dx a1 a2 d1 d2 Ir,25,-3.0,0.15885325846968082,-0.01,-0.02,0.2,1.0,2.769480210210765,1.823049334985542,-1.0,0,0,69,46,4.609303353150514,[81.23146776]
0,844,7,xc1 dx a1 a2 d1 d2 Ir,25,-1.5675878751390373,0.1,-0.01,-0.02,1.0,0.47188777825214084,2.5263898163763585,2.909659394706904,-1.0,0,0,63,73,3.0645848298165926e-05,[38.56800983]
0,845,7,xc1 dx a1 a2 d1 d2 Ir,25,-3.0,0.1,-0.01,-0.02,0.2,0.27407938872444176,1.4638342865024414,1.3685437540097383,-1.0,0,0,37,34,0.027822132446852017,[47.24702355]
0,846,7,xc1 dx a1 a2 d1 d2 Ir,25,-3.0,0.9664843389326684,-0.01,-0.02,0.2,1.0,2.9787520197228234,1.2858083901659236,-1.0,0,0,74,32,149.6252758747664,[3.10380702]
0,847,7,xc1 dx a1 a2 d1 d2 Ir,25,-3.0,0.1,-0.01,-0.02,0.2,0.7105811627297631,2.145618006496493,1.6121550962028188,-1.0,0,0,54,40,0.38342262230525176,[61.08591579]
0,848,7,xc1 dx a1 a2 d1 d2 Ir,25,1.4453391768944635,0.8158813679687341,-0.01,-0.02,0.39571447855165715,1.0,1.038609256032797,2.0327726979910525,-0.2605240036012396,0,0,26,51,2.1189885128289876e-11,[55.99893611]
0,849,7,xc1 dx a1 a2 d1 d2 Ir,25,-3.0,0.6331275852952015,-0.01,-0.02,0.2,1.0,2.673236817359963,1.3468253055743407,-1.0,0,0,67,34,40.300056981729035,[83.52478968]
0,850,7,xc1 dx a1 a2 d1 d2 Ir,25,1.6531710634247008,0.23087068354371706,-0.01,-0.02,0.21624625845430942,0.9209265189074769,1.8815068619518076,1.5768319515903264,-0.8169310709546792,0,0,47,39,2.93577104306644e-11,[56.00157869]
0,851,7,xc1 dx a1 a2 d1 d2 Ir,25,-3.0,0.1,-0.01,-0.02,0.6383766211598685,0.2,2.296794113103018,2.659988063951387,-1.0,0,0,57,66,0.5655001325603143,[73.61737877]
0,852,7,xc1 dx a1 a2 d1 d2 Ir,25,1.8374267828343802,0.5009112917995211,-0.01,-0.02,0.3812098148475409,0.8024127861804449,1.7290385479678785,2.20873790333117,-0.5719122611683929,0,0,43,55,2.79291238391178e-05,[57.94967508]
0,853,7,xc1 dx a1 a2 d1 d2 Ir,25,-3.0,0.1,-0.01,-0.02,0.2,0.40615253172948207,2.8180882349838923,2.5095562181222757,-1.0,0,0,70,63,0.9766107266931017,[75.68888667]
0,854,7,xc1 dx a1 a2 d1 d2 Ir,25,1.9999991288291812,0.3645859170859099,-0.01,-0.02,0.2810492586066491,0.8617400521024406,2.188568405473858,2.2373520366135917,-0.7404486473125743,0,0,55,56,1.7784423513623437e-06,[56.5261817]
0,855,7,xc1 dx a1 a2 d1 d2 Ir,25,2.0,0.9507192070047061,-0.01,-0.02,0.2,0.5526615334672926,1.2479390963822703,1.5497196251528804,-0.9990227336534134,0,0,31,39,12.38915875277831,[17.15055695]
0,856,7,xc1 dx a1 a2 d1 d2 Ir,25,-3.0,0.9341016647083082,-0.01,-0.02,0.2,1.0,2.935414159233571,1.2970392149413086,-1.0,0,0,73,32,131.3967877669407,[1.97472643]
0,857,7,xc1 dx a1 a2 d1 d2 Ir,25,1.6368505247556397,0.5708367335135056,-0.01,-0.02,0.42322488709847317,0.9972484561709132,1.4339045805022503,1.9178050600583667,-0.48959167188222097,0,0,36,48,3.483699128667907e-11,[55.99760967]
0,858,7,xc1 dx a1 a2 d1 d2 Ir,25,1.1548760406994887,0.23691420030417484,-0.01,-0.02,0.5382256619381546,0.5304726879310292,1.3154200831543799,1.965773719188456,-0.5992522413088036,0,0,33,49,1.0850380534154172e-10,[36.00307126]
0,859,7,xc1 dx a1 a2 d1 d2 Ir,25,1.4315698909011347,1.277732830003827,-0.01,-0.02,0.2334136993212982,0.7858651114601567,1.0972133648716198,2.9985095431234825,-0.1552802745235614,0,0,27,75,2.5740985600101892e-11,[55.99916492]
0,860,7,xc1 dx a1 a2 d1 d2 Ir,25,-3.0,0.1,-0.01,-0.02,0.2,0.7928030117835306,2.225700687230838,1.5932669742492098,-1.0,0,0,56,40,0.5475129369694796,[63.21183883]
0,861,7,xc1 dx a1 a2 d1 d2 Ir,25,2.0,0.1,-0.01,-0.02,0.2,1.0,2.944420752239897,1.0440156776639136,-1.0,0,0,74,26,1820.8276847908471,[28.36362311]
0,862,7,xc1 dx a1 a2 d1 d2 Ir,25,1.074772743969075,0.44908436087704273,-0.01,-0.02,0.4737040480756277,0.873802242655984,1.275072081475272,2.0105306203930677,-0.4570235744025007,0,0,32,50,9.642857136667418e-10,[36.00012595]
0,863,7,xc1 dx a1 a2 d1 d2 Ir,25,-3.0,0.1,-0.01,-0.02,1.0,0.22556765398378006,1.861101892493234,2.571202511306894,-1.0,0,0,47,64,0.10141699658095786,[69.28485107]
0,864,7,xc1 dx a1 a2 d1 d2 Ir,25,-3.0,0.7176265071410514,-0.01,-0.02,0.2,1.0,2.536804998435316,1.1765856147678673,-1.0,0,0,63,29,38.89071273771259,[81.46024167]
0,865,7,xc1 dx a1 a2 d1 d2 Ir,25,-3.0,0.1,-0.01,-0.02,0.2358354323239329,0.2,2.8982333063502077,2.8391169134832976,-1.0,0,0,72,71,1.0799729049768862,[77.98517425]
0,866,7,xc1 dx a1 a2 d1 d2 Ir,25,2.0,0.1,-0.01,-0.02,0.2,1.0,2.6460286881912616,1.1939472161920037,-1.0,0,0,66,30,694.1867436195245,[30.40317831]
0,867,7,xc1 dx a1 a2 d1 d2 Ir,25,1.554131731430289,0.25315101020401737,-0.01,-0.02,0.20025795283929934,0.9506105247984299,1.7019603069117193,1.4112139284450391,-0.7760614973926642,0,0,43,35,1.649890431370337e-11,[56.00122136]
0,868,7,xc1 dx a1 a2 d1 d2 Ir,25,-3.0,0.3074257980780985,-0.01,-0.02,0.2,1.0,1.9806503682975252,1.0482024496778115,-1.0,0,0,50,26,2.5080609609527795,[66.05149639]
0,869,7,xc1 dx a1 a2 d1 d2 Ir,25,-3.0,0.4069352457642734,-0.01,-0.02,0.2,1.0,2.072193650943056,1.028708237038328,-1.0,0,0,52,26,4.953924055500841,[68.68660363]
0,870,7,xc1 dx a1 a2 d1 d2 Ir,25,-3.0,0.7630763543571489,-0.01,-0.02,0.2,1.0,2.90800731484802,1.4587614326864236,-1.0,0,0,73,36,84.98855424859988,[89.66781795]
0,871,7,xc1 dx a1 a2 d1 d2 Ir,25,-3.0,0.1,-0.01,-0.02,0.2,0.2696567496601936,1.6274300508347044,1.5269026861042494,-1.0,0,0,41,38,0.049634034693996576,[49.76266891]
0,872,7,xc1 dx a1 a2 d1 d2 Ir,25,1.4030588216001316,0.46047456727401653,-0.01,-0.02,0.2706363039759574,0.8861763740431646,2.179992272604596,2.5524090324080753,-0.645329830152727,0,0,54,64,7.897793584954499e-06,[37.21150285]
0,873,7,xc1 dx a1 a2 d1 d2 Ir,25,-3.0,0.1672712604485625,-0.01,-0.02,0.2,1.0,2.6277256286851216,1.731798714017258,-1.0,0,0,66,43,4.076569799706458,[78.54862666]
0,874,7,xc1 dx a1 a2 d1 d2 Ir,25,1.5252347397981432,0.18114330038157853,-0.01,-0.02,0.45529437646662246,0.33921720357267415,1.1746628820111102,1.6600041390913,-0.6302204875573194,0,0,29,42,7.827915438773293e-11,[56.00324541]
0,875,7,xc1 dx a1 a2 d1 d2 Ir,25,-3.0,0.1,-0.01,-0.02,0.2245717713774291,0.2,2.2322058710377046,2.2065127860844727,-1.0,0,0,56,55,0.30588876659343095,[61.73241399]
0,876,7,xc1 dx a1 a2 d1 d2 Ir,25,1.3415573253101987,0.15025726017056626,-0.01,-0.02,0.20682434124167076,0.6375280218973411,1.1811229819399958,1.0619603127445758,-0.7023613345588331,0,0,30,27,1.8238194187686165e-10,[56.00437977]
0,877,7,xc1 dx a1 a2 d1 d2 Ir,25,-3.0,0.1,-0.01,-0.02,0.2,0.2,1.960989702651779,2.568147161798106,-0.41110661995161846,0,0,49,64,4.924969020491283,[67.66380216]
0,878,7,xc1 dx a1 a2 d1 d2 Ir,25,2.0,0.1,-0.01,-0.02,0.2,1.0,2.593000634570057,1.7924258391367218,-1.0,0,0,65,45,21.614898373593668,[33.89665986]
0,879,7,xc1 dx a1 a2 d1 d2 Ir,25,-3.0,0.1,-0.01,-0.02,0.20089903969297473,0.2,1.2870923925425402,1.2251321714617398,-1.0,0,0,32,31,0.012158817062039423,[43.55123401]
0,880,7,xc1 dx a1 a2 d1 d2 Ir,25,2.0,0.1,-0.01,-0.02,0.2,1.0,2.189503026157783,1.3767262335646044,-1.0,0,0,55,34,30.925838719148857,[40.04711435]
0,881,7,xc1 dx a1 a2 d1 d2 Ir,25,1.8891507771877563,0.25223007634246913,-0.01,-0.02,0.352346483859767,0.8759668881237648,2.4398117533158814,2.3426806559059763,-0.8492364899096542,0,0,61,59,0.00014077606192788113,[47.9736244]
0,882,7,xc1 dx a1 a2 d1 d2 Ir,25,2.0,0.21891362893809294,-0.01,-0.02,0.2529346692635954,0.9619796426860843,2.6266978923385054,2.27081950808697,-0.9000119326232204,0,0,66,57,6.233048209738039e-05,[52.00476083]
0,883,7,xc1 dx a1 a2 d1 d2 Ir,25,1.2659951678584977,0.3125574602398205,-0.01,-0.02,0.7427898345199236,0.49928385758967575,1.182243665301195,2.2629984313069844,-0.5207893051674942,0,0,30,57,2.019916694100292e-11,[36.00124326]
0,884,7,xc1 dx a1 a2 d1 d2 Ir,25,1.646035279281061,0.6329411602180748,-0.01,-0.02,0.47188541324513533,0.9030790242838392,1.343044737157793,2.113942280249969,-0.436344887469257,0,0,34,53,2.4661832706195993e-11,[55.9998318]
0,885,7,xc1 dx a1 a2 d1 d2 Ir,25,-3.0,0.1,-0.01,-0.02,0.2000171096725114,0.31777200817886836,1.8572301578658992,1.6839551341100678,-0.9772831509489255,0,0,46,42,0.11485964028526262,[54.98656041]
0,886,7,xc1 dx a1 a2 d1 d2 Ir,25,-3.0,0.1,-0.01,-0.02,0.2,0.5371148990827126,2.3436942273216035,1.9447036097853387,-1.0,0,0,59,49,0.47075176757046794,[65.05719759]
0,887,7,xc1 dx a1 a2 d1 d2 Ir,25,-3.0,0.21497570083538695,-0.01,-0.02,0.2,1.0,2.621065167127032,1.691173532965349,-1.0,0,0,66,42,5.807972147983805,[78.74876939]
0,888,7,xc1 dx a1 a2 d1 d2 Ir,25,-3.0,0.1,-0.01,-0.02,0.33815647727776393,0.2,1.7494477114293676,1.8365941520324993,-1.0,0,0,44,46,0.10696560523598599,[53.74613579]
0,889,7,xc1 dx a1 a2 d1 d2 Ir,25,1.965578536547524,0.2669585359335753,-0.01,-0.02,0.20107861491880352,0.883474228224835,2.322291251652192,2.0900915291926583,-0.8202694014228985,0,0,58,52,8.909338468079768e-11,[55.99662231]
0,890,7,xc1 dx a1 a2 d1 d2 Ir,25,-3.0,0.4173658970350762,-0.01,-0.02,0.2,1.0,2.054567318688882,1.0190234994184846,-1.0,0,0,51,25,4.672434030209701,[68.08114507]
0,891,7,xc1 dx a1 a2 d1 d2 Ir,25,2.0,0.1,-0.01,-0.02,0.2,1.0,2.8330927825358954,1.1050903863277795,-1.0,0,0,71,28,1302.2186871189067,[28.75197169]
0,892,7,xc1 dx a1 a2 d1 d2 Ir,25,-3.0,0.330906151658788,-0.01,-0.02,0.2,1.0,2.474657512070685,1.4235869044008225,-1.0,0,0,62,36,8.547520612236552,[76.04453521]
0,893,7,xc1 dx a1 a2 d1 d2 Ir,25,-3.0,0.1,-0.01,-0.02,0.2,0.24931044893410859,2.54449934738082,2.4240661216252555,-1.0,0,0,64,61,0.5965831520543499,[69.58543431]
0,894,7,xc1 dx a1 a2 d1 d2 Ir,25,-3.0,0.1,-0.01,-0.02,0.5095734559631971,0.2,2.0144380084528106,2.2231354271687627,-1.0,0,0,50,56,0.2847582663348144,[62.97194337]
0,895,7,xc1 dx a1 a2 d1 d2 Ir,25,1.2274773248498139,0.5714819834504336,-0.01,-0.02,0.5153899245450487,0.4925973400412799,1.459744658512146,2.8805024432970807,-0.4329864389224585,0,0,36,72,7.216835400322301e-11,[35.99658091]
0,896,7,xc1 dx a1 a2 d1 d2 Ir,25,-3.0,0.1,-0.01,-0.02,0.2,0.2,1.9367615893469325,2.589593451991634,-0.3681195487543226,0,0,48,65,5.250135459421957,[68.04224255]
0,897,7,xc1 dx a1 a2 d1 d2 Ir,25,-3.0,0.8985756189116343,-0.01,-0.02,0.2,1.0,2.7325390188095677,1.1707543185465752,-1.0,0,0,68,29,89.1758267676049,[87.89712445]
0,898,7,xc1 dx a1 a2 d1 d2 Ir,25,-3.0,0.1,-0.01,-0.02,0.2,0.316264711544891,1.4486318087305543,1.291329928431718,-1.0,0,0,36,32,0.024411485479290528,[46.74092162]
0,899,7,xc1 dx a1 a2 d1 d2 Ir,25,2.0,0.1,-0.01,-0.02,0.2,1.0,2.7341824172525584,1.1757301880350683,-1.0,0,0,68,29,929.2100596255638,[29.7739962]
0,900,7,xc1 dx a1 a2 d1 d2 Ir,25,1.8925072775823002,0.27673551432720717,-0.01,-0.02,0.44180503865368864,0.8981074425151407,2.3932167328019913,2.4375004221603755,-0.8353168402384544,0,0,60,61,0.0001512738151789094,[46.61268326]
0,901,7,xc1 dx a1 a2 d1 d2 Ir,25,-3.0,0.2759855224655399,-0.01,-0.02,0.2,1.0,2.519494794103628,1.5322907264668346,-1.0,0,0,63,38,6.865018197719592,[76.46205632]
0,902,7,xc1 dx a1 a2 d1 d2 Ir,25,1.9999919122285779,0.1775796423358677,-0.01,-0.02,0.20672424792584773,0.960274465503755,2.844422595864346,2.360050643140938,-0.9377794269167735,0,0,71,59,7.36176386473681e-05,[51.52349097]
0,903,7,xc1 dx a1 a2 d1 d2 Ir,25,-3.0,0.1,-0.01,-0.02,0.2,0.2,1.3873666702132885,1.8010182290666044,-0.4422466017040369,0,0,35,45,0.20912398137601393,[52.69163327]
0,904,7,xc1 dx a1 a2 d1 d2 Ir,25,1.8051397720009064,0.4425916676338849,-0.01,-0.02,0.2478649042024373,0.9256419384260131,2.806053875114457,2.9855472697112466,-0.7639696106935902,0,0,70,75,5.391823750158393e-05,[39.63420886]
0,905,7,xc1 dx a1 a2 d1 d2 Ir,25,1.4956895557806236,0.12946000018866602,-0.01,-0.02,0.41291753665642633,0.6621158599054306,1.2724734602627308,1.2789287368683915,-0.798224442211568,0,0,32,32,3.400629741819139e-12,[55.9993626]
0,906,7,xc1 dx a1 a2 d1 d2 Ir,25,-3.0,0.1,-0.01,-0.02,0.2,1.0,2.4172175269796004,1.56541585024855,-1.0,0,0,60,39,1.2730326762443154,[68.67918028]
0,907,7,xc1 dx a1 a2 d1 d2 Ir,25,1.3629184653261937,0.2071793866475602,-0.01,-0.02,0.38696648995912436,0.45020538876780275,1.944571437843396,2.390748796929601,-0.7544876605091108,0,0,49,60,1.822797461984808e-10,[35.99453895]
0,908,7,xc1 dx a1 a2 d1 d2 Ir,25,1.7782701203838662,0.12496165574193147,-0.01,-0.02,0.20000428415828506,0.999995939222138,2.908774342999184,2.2796811514941466,-0.9977968407123345,0,0,73,57,8.699103932536087e-11,[55.9966886]
0,909,7,xc1 dx a1 a2 d1 d2 Ir,25,-3.0,0.22656174272727167,-0.01,-0.02,0.2,1.0,2.5259350780323944,1.5784265248679414,-1.0,0,0,63,39,5.064928807336407,[76.11898526]
0,910,7,xc1 dx a1 a2 d1 d2 Ir,25,-3.0,0.1,-0.01,-0.02,0.2,0.47934897197930076,1.5457984255549553,1.2426084117666312,-1.0,0,0,39,31,0.044370910428071765,[49.04344149]
0,911,7,xc1 dx a1 a2 d1 d2 Ir,25,-3.0,0.1,-0.01,-0.02,0.2,0.2,1.3510842156184688,2.0366501175090423,-0.2795740073301131,0,0,34,51,0.4110911237386746,[55.87740417]
0,912,7,xc1 dx a1 a2 d1 d2 Ir,25,-3.0,0.1,-0.01,-0.02,0.2,0.33526487309252306,2.2793324911736477,2.0640758924719327,-1.0,0,0,57,52,0.3322508625578715,[62.79668117]
0,913,7,xc1 dx a1 a2 d1 d2 Ir,25,-3.0,0.1,-0.01,-0.02,0.2,0.8304262554761066,2.3579084475246876,1.6678816518284618,-1.0,0,0,59,42,0.7740142235560311,[66.08871717]
0,914,7,xc1 dx a1 a2 d1 d2 Ir,25,-3.0,0.1,-0.01,-0.02,0.2,0.2,1.3573110690966752,1.6726038627627715,-0.4992968787161382,0,0,34,42,0.12530649768186602,[50.92461759]
0,915,7,xc1 dx a1 a2 d1 d2 Ir,25,-3.0,0.1,-0.01,-0.02,0.2,0.9058041057682047,2.6163152050517255,1.8517327080713286,-1.0,0,0,65,46,1.4548414300581523,[72.0209957]
0,916,7,xc1 dx a1 a2 d1 d2 Ir,25,2.0,0.1,-0.01,-0.02,0.2,1.0,2.9953420474589794,2.115787340207243,-1.0,0,0,75,53,61.59553530746616,[23.00037408]
0,917,7,xc1 dx a1 a2 d1 d2 Ir,25,1.6241261137007,0.8439074212383106,-0.01,-0.02,0.6088230798739971,0.9999999981131081,1.1053784502978972,2.301132389474282,-0.32877678406534644,0,0,28,58,2.3182434213522645e-10,[55.99389204]
0,918,7,xc1 dx a1 a2 d1 d2 Ir,25,1.7185537822363477,0.1303148741731081,-0.01,-0.02,0.20000004429050192,0.9999999671508517,2.472631126867869,1.8299586332584235,-0.9992473995489397,0,0,62,46,6.581026913750702e-05,[58.81876368]
0,919,7,xc1 dx a1 a2 d1 d2 Ir,25,1.9324576085794924,0.2527286239723596,-0.01,-0.02,0.20210069913573678,0.8385623960345603,1.4785752620252974,1.2870905478778711,-0.6742122806994845,0,0,37,32,0.007659569429942881,[74.15357578]
0,920,7,xc1 dx a1 a2 d1 d2 Ir,25,-3.0,0.1,-0.01,-0.02,0.2,0.29658965752100613,2.1998246857433115,2.0386485266605803,-1.0,0,0,55,51,0.2680387595530966,[60.89063985]
0,921,7,xc1 dx a1 a2 d1 d2 Ir,25,1.590885476991945,0.7739766323700148,-0.01,-0.02,0.6165422195213353,0.8439335145236658,1.0286945436623005,2.31290505501308,-0.3134626353547487,0,0,26,58,2.721576430688996e-10,[55.99492852]
0,922,7,xc1 dx a1 a2 d1 d2 Ir,25,-3.0,0.1,-0.01,-0.02,0.2459960326549415,0.2,1.3913788631142585,1.4136530717942983,-1.0,0,0,35,35,0.023487537903317788,[45.93569959]
0,923,7,xc1 dx a1 a2 d1 d2 Ir,25,1.828905715853439,0.2800027167994233,-0.01,-0.02,0.2798507624996064,0.8844902191708149,2.7219779435399722,2.65536358471884,-0.845713738243174,0,0,68,66,0.00011908966637256833,[42.59308037]
0,924,7,xc1 dx a1 a2 d1 d2 Ir,25,1.726835096477921,0.2604509648073695,-0.01,-0.02,0.44857786422405505,0.2505354668029256,1.5030995007041619,2.2576104262978243,-0.65452572752673,0,0,38,56,1.2496071969229048e-13,[55.99987608]
0,925,7,xc1 dx a1 a2 d1 d2 Ir,25,2.0,0.1,-0.01,-0.02,0.2,1.0,2.989240046424857,1.7608467200558027,-1.0,0,0,75,44,453.9047149252493,[20.22984967]
0,926,7,xc1 dx a1 a2 d1 d2 Ir,25,-3.0,0.1,-0.01,-0.02,0.2,0.8520418073547624,2.940631928755467,2.2377108040784917,-1.0,0,0,74,56,2.212907646277761,[80.08903267]
0,927,7,xc1 dx a1 a2 d1 d2 Ir,25,1.7599105244292919,0.1959022489706009,-0.01,-0.02,0.4997937410753039,0.7026045387136988,1.5938128289524118,1.7655530872701573,-0.7768975503448634,0,0,40,44,2.23038359582498e-11,[56.00189184]
0,928,7,xc1 dx a1 a2 d1 d2 Ir,25,-3.0,0.7198488276038975,-0.01,-0.02,0.2,1.0,2.912909455424523,1.4660128008997741,-1.0,0,0,73,37,75.30514267546693,[89.14608052]
0,929,7,xc1 dx a1 a2 d1 d2 Ir,25,-3.0,0.1,-0.01,-0.02,0.23795629948429362,0.2,1.1285912687166426,2.2040404643653333,-0.13746204993404723,0,0,28,55,0.32189383928055415,[58.84532321]
0,930,7,xc1 dx a1 a2 d1 d2 Ir,25,1.7214074089329137,0.5610907278088368,-0.01,-0.02,0.46211409643093004,0.896298472746355,1.5373855466419546,2.1198659607956136,-0.5132322209037216,0,0,38,53,5.5737033063140985e-12,[55.99905447]
0,931,7,xc1 dx a1 a2 d1 d2 Ir,25,1.8595712660674069,0.9851574416913494,-0.01,-0.02,0.270453697138314,0.876903040463338,1.8782807290155796,2.9824351999672354,-0.42743222420894916,0,0,47,75,2.1530648723829812e-10,[55.99424642]
0,932,7,xc1 dx a1 a2 d1 d2 Ir,25,-3.0,0.1,-0.01,-0.02,0.2,0.7424941119065329,2.447966598035564,1.8217229717086674,-1.0,0,0,61,46,0.7636837689676845,[67.57963737]
0,933,7,xc1 dx a1 a2 d1 d2 Ir,25,-3.0,0.1,-0.01,-0.02,0.2,0.9708833429106509,2.2119172795361024,1.3952274045118225,-1.0,0,0,55,35,0.7644803595156366,[63.37061962]
0,934,7,xc1 dx a1 a2 d1 d2 Ir,25,1.261008831379478,0.11112752560378124,-0.01,-0.02,0.43382499136110997,0.24779934809640952,1.6573683275125455,2.116847197543742,-0.7983718068762183,0,0,41,53,6.420877576326803e-11,[36.00319039]
0,935,7,xc1 dx a1 a2 d1 d2 Ir,25,1.8560436637895297,0.30998198500133234,-0.01,-0.02,0.3174498962461351,0.8900557843879783,2.0044609201613577,1.9521668062965416,-0.7569769165111911,0,0,50,49,3.33544491068642e-10,[56.00387193]
0,936,7,xc1 dx a1 a2 d1 d2 Ir,25,-3.0,0.1,-0.01,-0.02,0.2,0.2,1.4017220157858248,1.95707495280237,-0.3427414864852853,0,0,35,49,0.35724688584683695,[54.91677614]
0,937,7,xc1 dx a1 a2 d1 d2 Ir,25,-3.0,0.1,-0.01,-0.02,0.22118611415073838,0.2,2.068605339740679,2.0234788377994324,-1.0,0,0,52,51,0.20084563350832102,[57.97622471]
0,938,7,xc1 dx a1 a2 d1 d2 Ir,25,-3.0,0.1,-0.01,-0.02,0.2,0.20406044935033493,2.8704307039999772,2.7926532595942373,-1.0,0,0,72,70,1.030494081781452,[77.51478231]
0,939,7,xc1 dx a1 a2 d1 d2 Ir,25,1.818258010895358,0.23573562464015682,-0.01,-0.02,0.29593604175197274,0.6947985526651745,2.321762469888399,2.369876574423099,-0.8207505598389111,0,0,58,59,0.00014527024122769423,[47.54036986]
0,940,7,xc1 dx a1 a2 d1 d2 Ir,25,-3.0,0.1,-0.01,-0.02,0.309711185630328,0.2,2.4165164324040598,2.441344720091826,-1.0,0,0,60,61,0.519845858494488,[67.82545147]
0,941,7,xc1 dx a1 a2 d1 d2 Ir,25,-3.0,0.1,-0.01,-0.02,0.2,0.37158913593608295,2.4609290721823807,2.243643086805778,-1.0,0,0,62,56,0.5311296675346809,[67.69393107]
0,942,7,xc1 dx a1 a2 d1 d2 Ir,25,1.9989131519457761,0.23457165521870907,-0.01,-0.02,0.25972846113963516,0.8748236190132483,2.926287723024464,2.7388417996857224,-0.8881216374841486,0,0,73,68,0.00014845854386520658,[44.85680526]
0,943,7,xc1 dx a1 a2 d1 d2 Ir,25,1.4827270989298067,0.6142068192624083,-0.01,-0.02,0.20287707394696178,0.8881890458150011,1.355437456471426,1.8871896034716715,-0.3682648948710472,0,0,34,47,1.6635945635509557e-11,[55.99839991]
0,944,7,xc1 dx a1 a2 d1 d2 Ir,25,-3.0,0.1,-0.01,-0.02,0.27715984547036154,0.2,2.918739041038098,2.9381649255111446,-1.0,0,0,73,73,1.197485125826924,[79.93679861]
0,945,7,xc1 dx a1 a2 d1 d2 Ir,25,1.6392984148028036,0.6871840802305692,-0.01,-0.02,0.8305365668458685,0.8569615798994505,1.4477147787777964,2.8224039696421475,-0.4807604311377861,0,0,36,71,0.00013027741525322817,[43.25263535]
0,946,7,xc1 dx a1 a2 d1 d2 Ir,25,-3.0,0.1,-0.01,-0.02,0.2,0.2,1.6809895810959397,2.9234301130542537,-0.1716217348112471,0,0,42,73,6.222316335188686,[71.55381307]
0,947,7,xc1 dx a1 a2 d1 d2 Ir,25,-3.0,0.1,-0.01,-0.02,0.2,0.3700543056985896,2.5665782315122474,2.3247632067309656,-1.0,0,0,64,58,0.6242873576112503,[69.68538951]
0,948,7,xc1 dx a1 a2 d1 d2 Ir,25,-3.0,0.1,-0.01,-0.02,0.2,0.2,1.174884674238969,2.159818541231745,-0.15038430099530642,0,0,29,54,0.29556739580568187,[56.76321408]
0,949,7,xc1 dx a1 a2 d1 d2 Ir,25,-3.0,0.1,-0.01,-0.02,1.0,0.46287039891929777,1.5377007965406593,1.9410072349686411,-1.0,0,0,38,49,0.04373284208770269,[58.37491363]
0,950,7,xc1 dx a1 a2 d1 d2 Ir,25,-3.0,0.617418724164341,-0.01,-0.02,0.2,1.0,2.744026971111757,1.4261931843464362,-1.0,0,0,69,36,43.68815177013895,[84.92887304]
0,951,7,xc1 dx a1 a2 d1 d2 Ir,25,2.0,0.1,-0.01,-0.02,0.2,1.0,2.6069948499352105,1.1899674298138494,-1.0,0,0,65,30,617.923450198262,[30.98057996]
0,952,7,xc1 dx a1 a2 d1 d2 Ir,25,-3.0,0.1,-0.01,-0.02,0.2,0.6164029332855485,2.4831563239468153,1.9954275489190465,-1.0,0,0,62,50,0.6729289887301261,[68.14304745]
0,953,7,xc1 dx a1 a2 d1 d2 Ir,25,-3.0,0.1,-0.01,-0.02,0.35201440140540574,0.2,1.1363149739927723,2.7872887047596135,-0.1,0,0,28,70,1.6167626440470921,[62.33259105]
0,954,7,xc1 dx a1 a2 d1 d2 Ir,25,-1.532162064092769,0.1,-0.01,-0.02,1.0,0.5139568337052874,2.082697568815536,2.4246344853311834,-1.0,0,0,52,61,1.4790517685705322e-05,[37.69568298]
0,955,7,xc1 dx a1 a2 d1 d2 Ir,25,-3.0,0.1,-0.01,-0.02,0.49404475655275987,0.2000102392612849,2.66451991345179,2.9304632591947657,-0.9737934958416,0,0,67,73,1.7506311758143793,[83.74639901]
0,956,7,xc1 dx a1 a2 d1 d2 Ir,25,1.9934361006574477,0.22968742200430972,-0.01,-0.02,0.3420909248927426,0.8505115337518683,2.436123144366805,2.3234112275883043,-0.8633910077805755,0,0,61,58,7.756352260804212e-05,[51.35420778]
0,957,7,xc1 dx a1 a2 d1 d2 Ir,25,-3.0,0.1,-0.01,-0.02,0.43882607423766884,0.2,2.783767499240936,2.965414519545665,-1.0,0,0,70,74,1.1765570642779726,[81.10600343]
0,958,7,xc1 dx a1 a2 d1 d2 Ir,25,-3.0,0.1,-0.01,-0.02,0.3823208214769804,0.2,1.865191331145646,1.9952808019807247,-1.0,0,0,47,50,0.16809393556900054,[57.17902487]
0,959,7,xc1 dx a1 a2 d1 d2 Ir,25,-0.9816388174188643,0.1,-0.01,-0.02,1.0,0.2,2.091341014416104,2.755303392055489,-0.9625060565827751,0,0,52,69,2.2577760789888113e-05,[53.84927885]
0,960,7,xc1 dx a1 a2 d1 d2 Ir,25,-3.0,0.1,-0.01,-0.02,0.23269089316765476,0.2,2.6891963001154955,2.6444113034907675,-1.0,0,0,67,66,0.7822393982938632,[72.94350977]
0,961,7,xc1 dx a1 a2 d1 d2 Ir,25,1.4564024844874666,0.25315607961233644,-0.01,-0.02,0.20130093740520283,0.9288192010099511,1.5092724701010276,1.2535779164152718,-0.7303974683077786,0,0,38,31,1.229731071319267e-11,[56.00134582]
0,962,7,xc1 dx a1 a2 d1 d2 Ir,25,-3.0,0.1,-0.01,-0.02,0.2,0.2,1.4049590280665365,2.922092267409454,-0.1,0,0,35,73,2.7144761551697107,[69.74380856]
0,963,7,xc1 dx a1 a2 d1 d2 Ir,25,2.0,0.1,-0.01,-0.02,0.2,1.0,2.953908469447632,1.0426688694340027,-1.0,0,0,74,26,1820.8276847908471,[28.36362311]
0,964,7,xc1 dx a1 a2 d1 d2 Ir,25,1.681297718424517,0.5889595562160647,-0.01,-0.02,0.7213374866157404,0.5980635796356646,1.4828304327103117,2.8074414276961863,-0.5060944447531821,0,0,37,70,0.00014974330668017258,[46.93843237]
0,965,7,xc1 dx a1 a2 d1 d2 Ir,25,-3.0,0.1,-0.01,-0.02,0.2,0.33046921443947097,2.5009588255025488,2.32674265488935,-1.0,0,0,63,58,0.5653419525423266,[68.64604765]
0,966,7,xc1 dx a1 a2 d1 d2 Ir,25,-3.0,0.1,-0.01,-0.02,0.2,0.2,1.6644042527442648,2.222326789945712,-0.38803101508304966,0,0,42,56,1.3760706224635102,[60.51656097]
0,967,7,xc1 dx a1 a2 d1 d2 Ir,25,1.4880660968319497,0.11562442401630123,-0.01,-0.02,0.6377420956929816,0.9038905542752707,1.1403326769189506,1.064388931239312,-0.9039815548175661,0,0,29,27,2.4571859243932974e-11,[55.99799788]
0,968,7,xc1 dx a1 a2 d1 d2 Ir,25,1.2509946719406042,0.7627550668538802,-0.01,-0.02,0.7914794531708089,0.9822660699944826,1.1174884917413088,2.75380385904434,-0.3487542075445914,0,0,28,69,1.1640227814632958e-09,[35.98697109]
0,969,7,xc1 dx a1 a2 d1 d2 Ir,25,1.7055541425337863,0.35939885207689404,-0.01,-0.02,0.34156911707178,0.28820028978082807,1.5931747866660364,2.3650958448642103,-0.5827400246563816,0,0,40,59,1.1870261129436958e-12,[56.00027282]
0,970,7,xc1 dx a1 a2 d1 d2 Ir,25,2.0,0.1,-0.01,-0.02,0.2,1.0,2.7079090943391284,1.3848294321363774,-1.0,0,0,68,35,537.166287117901,[27.12728563]
0,971,7,xc1 dx a1 a2 d1 d2 Ir,25,-3.0,0.1,-0.01,-0.02,0.2,0.2,1.12709309416311,1.4545680719277987,-0.4555016453791297,0,0,28,36,0.033166542233651675,[47.36475378]
0,972,7,xc1 dx a1 a2 d1 d2 Ir,25,2.0,0.1,-0.01,-0.02,0.2,1.0,2.8499395613840237,1.5286341995902069,-1.0,0,0,71,38,562.5260810741776,[24.28751622]
0,973,7,xc1 dx a1 a2 d1 d2 Ir,25,-3.0,0.1,-0.01,-0.02,0.3944356840695835,0.2,2.556856244266019,2.6801874763854134,-1.0,0,0,64,67,0.7924189306383564,[74.14001518]
0,974,7,xc1 dx a1 a2 d1 d2 Ir,25,1.803116581183674,0.45960394727826676,-0.01,-0.02,0.41687706210626807,0.8716672350248383,2.3868451107173754,2.822565674915494,-0.7225672839726504,0,0,60,71,0.00011548929194196823,[42.40096209]
0,975,7,xc1 dx a1 a2 d1 d2 Ir,25,-3.0,0.1,-0.01,-0.02,0.3137548373094265,0.2,2.6426949901039287,2.6903131910271014,-1.0,0,0,66,67,0.8215908184600836,[74.04008818]
0,976,7,xc1 dx a1 a2 d1 d2 Ir,25,1.677475623065736,0.6462433575866096,-0.01,-0.02,0.31137600915105534,0.9388221803386243,1.5824010453877984,2.1737604212788018,-0.4673628315698879,0,0,40,54,4.321722161447616e-11,[56.00020928]
0,977,7,xc1 dx a1 a2 d1 d2 Ir,25,1.6321563726951172,0.25619215764368686,-0.01,-0.02,0.35062610538811945,0.9249044591021145,2.8740311351189556,2.8351713274931605,-0.8690489551458284,0,0,72,71,5.743933318315626e-09,[35.96948122]
0,978,7,xc1 dx a1 a2 d1 d2 Ir,25,1.8464398369277841,0.27517255710494987,-0.01,-0.02,0.2816222787499109,0.9389454755226052,2.066526799754985,1.8713358017075556,-0.8049751424165563,0,0,52,47,9.433815292914969e-12,[55.99954215]
0,979,7,xc1 dx a1 a2 d1 d2 Ir,25,-3.0,0.5144471776273589,-0.01,-0.02,0.2,1.0,2.3129742163799687,1.162312912127554,-1.0,0,0,58,29,13.41420458910101,[74.72410843]
0,980,7,xc1 dx a1 a2 d1 d2 Ir,25,-3.0,0.1,-0.01,-0.02,0.2,0.2,1.5739632050803474,1.8236809117612576,-0.565267509363425,0,0,39,46,0.28462525426593427,[53.78489491]
0,981,7,xc1 dx a1 a2 d1 d2 Ir,25,2.0,0.1,-0.01,-0.02,0.2,1.0,2.4241924806445385,1.2042944097526742,-1.0,0,0,61,30,359.92339338627323,[33.51459321]
0,982,7,xc1 dx a1 a2 d1 d2 Ir,25,-3.0,0.1,-0.01,-0.02,0.5182533290072082,0.2,2.6155277056309076,2.8355978169554454,-1.0,0,0,65,71,0.9318920489351741,[78.41868782]
0,983,7,xc1 dx a1 a2 d1 d2 Ir,25,2.0,0.1,-0.01,-0.02,0.2,1.0,2.1434339640568796,1.0268002975371935,-1.0,0,0,54,26,185.599732728018,[40.1615615]
0,984,7,xc1 dx a1 a2 d1 d2 Ir,25,1.7659503540729817,0.19053514775140518,-0.01,-0.02,0.2,1.0,2.2264663630449952,1.714012146275714,-0.921678781758217,0,0,56,43,3.2948240811727183e-06,[56.70942978]
0,985,7,xc1 dx a1 a2 d1 d2 Ir,25,-3.0,0.1,-0.01,-0.02,0.2,0.7105811689081704,2.168363051994617,1.5853581892949793,-1.0,0,0,54,40,0.3834226223052433,[61.08591261]
0,986,7,xc1 dx a1 a2 d1 d2 Ir,25,-3.0,0.1,-0.01,-0.02,0.2,0.779199823746525,2.609417952174528,1.9735523581318022,-1.0,0,0,65,49,1.1115747246162833,[71.52635547]
0,987,7,xc1 dx a1 a2 d1 d2 Ir,25,-3.0,0.1,-0.01,-0.02,0.2,0.2,1.0619706812038847,1.5590235895988973,-0.32807883835168095,0,0,27,39,0.04538623187932604,[48.72054786]
0,988,7,xc1 dx a1 a2 d1 d2 Ir,25,1.657859442501883,0.27094690497383805,-0.01,-0.02,0.40760034947684126,0.8894736776909907,1.6123603728938238,1.5832479303591902,-0.7339167858402005,0,0,40,40,1.5225312344893363e-10,[55.99530675]
0,989,7,xc1 dx a1 a2 d1 d2 Ir,25,1.8716219730255046,0.6087997814213478,-0.01,-0.02,0.3293729374890164,0.9182262692622496,1.8473496542150445,2.332623199243502,-0.5507106867585865,0,0,46,58,1.9013992909329255e-05,[57.63249599]
0,990,7,xc1 dx a1 a2 d1 d2 Ir,25,1.5822941456763728,0.19454667229307798,-0.01,-0.02,0.323823211934413,0.6923357227786112,1.5226342650995757,1.5375911386577235,-0.7458099163567293,0,0,38,38,1.0201587494369794e-10,[55.99591026]
0,991,7,xc1 dx a1 a2 d1 d2 Ir,25,-3.0,0.1,-0.01,-0.02,0.2,0.3685896090591189,2.62395134302787,2.389366614138827,-1.0,0,0,66,60,0.7265525060512008,[71.68708559]
0,992,7,xc1 dx a1 a2 d1 d2 Ir,25,1.9065123496161915,0.8744223990841122,-0.01,-0.02,0.7014477397966645,0.9505082557637664,1.6519526584315503,2.9514081570918043,-0.48165961438972976,0,0,41,74,5.0596099896884094e-05,[52.51036758]
0,993,7,xc1 dx a1 a2 d1 d2 Ir,25,-3.0,0.1,-0.01,-0.02,0.2,0.2,1.4446696842193838,2.765882533164648,-0.12901882389830496,0,0,36,69,2.4341421257389606,[67.51155548]
0,994,7,xc1 dx a1 a2 d1 d2 Ir,25,2.0,0.1,-0.01,-0.02,0.2,1.0,2.9529034890734125,1.740007431127251,-1.0,0,0,74,44,391.4186933897652,[20.82317768]
0,995,7,xc1 dx a1 a2 d1 d2 Ir,25,-3.0,0.1,-0.01,-0.02,0.2,0.8584806840388374,1.8730056629867995,1.2166193574296873,-1.0,0,0,47,30,0.2552273642293811,[56.38459384]
0,996,7,xc1 dx a1 a2 d1 d2 Ir,25,2.0,0.1,-0.01,-0.02,0.2,1.0,2.837539716958345,1.7308370846417966,-1.0,0,0,71,43,277.8685757058103,[22.98823478]
0,997,7,xc1 dx a1 a2 d1 d2 Ir,25,-3.0,0.1,-0.01,-0.02,0.21516893233701503,0.2890266488045245,1.3916968011332544,1.3952174770844674,-0.7791942386338325,0,0,35,35,0.05506685280358896,[53.47430857]
0,998,7,xc1 dx a1 a2 d1 d2 Ir,25,-3.0,0.7714071290335852,-0.01,-0.02,0.2,1.0,2.8828868101802714,1.383833967991299,-1.0,0,0,72,35,82.22361622191913,[89.056741]
0,999,7,xc1 dx a1 a2 d1 d2 Ir,25,2.0,0.1,-0.01,-0.02,0.2,1.0,1.9811116081980649,1.2641422581403605,-1.0,0,0,50,32,2.484795471541884,[57.12594014]
0,1000,7,xc1 dx a1 a2 d1 d2 Ir,25,1.780393944187819,0.4466728071434506,-0.01,-0.02,0.2457321051867636,0.8856007428153968,1.9358154858016838,2.0693674829417548,-0.6315388088545845,0,0,48,52,2.4604789489832094e-06,[55.34326087]
